workload_label,workload_kind,trace_name,algorithm,allocation_policy,memory_frames,repetition_id,process_id,t_isolated_ms,t_shared_ms,slowdown,page_faults,replacements,disk_reads,disk_writes
trace-driven,trace,sample_trace,FIFO,GlobalAllocation,4,0,0,0.0038,0.0039,1.0263157894736843,2,,,
trace-driven,trace,sample_trace,FIFO,GlobalAllocation,4,0,1,0.0034,0.006,1.7647058823529411,3,,,
trace-driven,trace,sample_trace,FIFO,GlobalAllocation,4,1,0,0.0027,0.0028,1.037037037037037,2,,,
trace-driven,trace,sample_trace,FIFO,GlobalAllocation,4,1,1,0.0027,0.0038,1.4074074074074074,3,,,
trace-driven,trace,sample_trace,FIFO,LocalAllocation,4,0,0,0.0029,0.0027,0.9310344827586207,2,0,2,0
trace-driven,trace,sample_trace,FIFO,LocalAllocation,4,0,1,0.0029,0.0031,1.0689655172413792,3,1,3,1
trace-driven,trace,sample_trace,FIFO,LocalAllocation,4,1,0,0.0026,0.0025,0.9615384615384616,2,0,2,0
trace-driven,trace,sample_trace,FIFO,LocalAllocation,4,1,1,0.0028,0.0027,0.9642857142857143,3,1,3,1
trace-driven,trace,sample_trace,FIFO,ProportionalAllocation,4,0,0,0.0027,0.0028,1.037037037037037,2,0,2,0
trace-driven,trace,sample_trace,FIFO,ProportionalAllocation,4,0,1,0.0028,0.0027,0.9642857142857143,3,1,3,1
trace-driven,trace,sample_trace,FIFO,ProportionalAllocation,4,1,0,0.0023,0.0028,1.2173913043478262,2,0,2,0
trace-driven,trace,sample_trace,FIFO,ProportionalAllocation,4,1,1,0.0027,0.0027,1.0,3,1,3,1
trace-driven,trace,sample_trace,LRU,GlobalAllocation,4,0,0,0.0035,0.0043,1.2285714285714286,2,,,
trace-driven,trace,sample_trace,LRU,GlobalAllocation,4,0,1,0.0036,0.0071,1.9722222222222223,3,,,
trace-driven,trace,sample_trace,LRU,GlobalAllocation,4,1,0,0.0034,0.004,1.1764705882352942,2,,,
trace-driven,trace,sample_trace,LRU,GlobalAllocation,4,1,1,0.0036,0.0049,1.3611111111111112,3,,,
trace-driven,trace,sample_trace,LRU,LocalAllocation,4,0,0,0.0047,0.0037,0.7872340425531915,2,0,2,0
trace-driven,trace,sample_trace,LRU,LocalAllocation,4,0,1,0.0035,0.0036,1.0285714285714285,3,1,3,1
trace-driven,trace,sample_trace,LRU,LocalAllocation,4,1,0,0.0035,0.0032,0.9142857142857143,2,0,2,0
trace-driven,trace,sample_trace,LRU,LocalAllocation,4,1,1,0.0029,0.003,1.0344827586206897,3,1,3,1
trace-driven,trace,sample_trace,LRU,ProportionalAllocation,4,0,0,0.0029,0.0032,1.103448275862069,2,0,2,0
trace-driven,trace,sample_trace,LRU,ProportionalAllocation,4,0,1,0.0031,0.0033,1.064516129032258,3,1,3,1
trace-driven,trace,sample_trace,LRU,ProportionalAllocation,4,1,0,0.0027,0.0026,0.9629629629629629,2,0,2,0
trace-driven,trace,sample_trace,LRU,ProportionalAllocation,4,1,1,0.003,0.0031,1.0333333333333334,3,1,3,1
trace-driven,trace,sample_trace,NRU,GlobalAllocation,4,0,0,0.0035,0.0045,1.2857142857142858,2,,,
trace-driven,trace,sample_trace,NRU,GlobalAllocation,4,0,1,0.0035,0.0073,2.085714285714286,3,,,
trace-driven,trace,sample_trace,NRU,GlobalAllocation,4,1,0,0.0033,0.0045,1.3636363636363635,2,,,
trace-driven,trace,sample_trace,NRU,GlobalAllocation,4,1,1,0.0034,0.0063,1.8529411764705883,3,,,
trace-driven,trace,sample_trace,NRU,LocalAllocation,4,0,0,0.0048,0.0035,0.7291666666666666,2,0,2,0
trace-driven,trace,sample_trace,NRU,LocalAllocation,4,0,1,0.0034,0.0047,1.3823529411764706,3,1,3,1
trace-driven,trace,sample_trace,NRU,LocalAllocation,4,1,0,0.0031,0.0036,1.1612903225806452,2,0,2,0
trace-driven,trace,sample_trace,NRU,LocalAllocation,4,1,1,0.0026,0.0043,1.6538461538461537,3,1,3,1
trace-driven,trace,sample_trace,NRU,ProportionalAllocation,4,0,0,0.0027,0.0031,1.1481481481481481,2,0,2,0
trace-driven,trace,sample_trace,NRU,ProportionalAllocation,4,0,1,0.0026,0.0044,1.6923076923076923,3,1,3,1
trace-driven,trace,sample_trace,NRU,ProportionalAllocation,4,1,0,0.0025,0.0026,1.04,2,0,2,0
trace-driven,trace,sample_trace,NRU,ProportionalAllocation,4,1,1,0.0026,0.0037,1.4230769230769231,3,1,3,1
trace-driven,trace,sample_trace,SecondChance,GlobalAllocation,4,0,0,0.0063,0.0072,1.1428571428571428,2,,,
trace-driven,trace,sample_trace,SecondChance,GlobalAllocation,4,0,1,0.0067,0.0118,1.7611940298507462,3,,,
trace-driven,trace,sample_trace,SecondChance,GlobalAllocation,4,1,0,0.0057,0.0065,1.1403508771929824,2,,,
trace-driven,trace,sample_trace,SecondChance,GlobalAllocation,4,1,1,0.0064,0.0093,1.453125,3,,,
trace-driven,trace,sample_trace,SecondChance,LocalAllocation,4,0,0,0.0091,0.006,0.6593406593406593,2,0,2,0
trace-driven,trace,sample_trace,SecondChance,LocalAllocation,4,0,1,0.0065,0.0207,3.1846153846153844,3,1,3,1
trace-driven,trace,sample_trace,SecondChance,LocalAllocation,4,1,0,0.0057,0.0046,0.8070175438596491,2,0,2,0
trace-driven,trace,sample_trace,SecondChance,LocalAllocation,4,1,1,0.0051,0.0057,1.1176470588235294,3,1,3,1
trace-driven,trace,sample_trace,SecondChance,ProportionalAllocation,4,0,0,0.0057,0.0077,1.3508771929824561,2,0,2,0
trace-driven,trace,sample_trace,SecondChance,ProportionalAllocation,4,0,1,0.0069,0.0105,1.5217391304347827,3,1,3,1
trace-driven,trace,sample_trace,SecondChance,ProportionalAllocation,4,1,0,0.004,0.0042,1.05,2,0,2,0
trace-driven,trace,sample_trace,SecondChance,ProportionalAllocation,4,1,1,0.0144,0.0056,0.3888888888888889,3,1,3,1
trace-driven,trace,sample_trace,WSClock,GlobalAllocation,4,0,0,0.0037,0.0041,1.1081081081081081,2,,,
trace-driven,trace,sample_trace,WSClock,GlobalAllocation,4,0,1,0.0039,0.0083,2.128205128205128,3,,,
trace-driven,trace,sample_trace,WSClock,GlobalAllocation,4,1,0,0.0034,0.0039,1.1470588235294117,2,,,
trace-driven,trace,sample_trace,WSClock,GlobalAllocation,4,1,1,0.0035,0.0084,2.4,3,,,
trace-driven,trace,sample_trace,WSClock,LocalAllocation,4,0,0,0.0046,0.0035,0.7608695652173914,2,0,2,0
trace-driven,trace,sample_trace,WSClock,LocalAllocation,4,0,1,0.0029,0.0045,1.5517241379310345,3,1,3,1
trace-driven,trace,sample_trace,WSClock,LocalAllocation,4,1,0,0.0031,0.0026,0.8387096774193549,2,0,2,0
trace-driven,trace,sample_trace,WSClock,LocalAllocation,4,1,1,0.0026,0.004,1.5384615384615385,3,1,3,1
trace-driven,trace,sample_trace,WSClock,ProportionalAllocation,4,0,0,0.0025,0.0031,1.24,2,0,2,0
trace-driven,trace,sample_trace,WSClock,ProportionalAllocation,4,0,1,0.0028,0.0042,1.5,3,1,3,1
trace-driven,trace,sample_trace,WSClock,ProportionalAllocation,4,1,0,0.0025,0.0026,1.04,2,0,2,0
trace-driven,trace,sample_trace,WSClock,ProportionalAllocation,4,1,1,0.0026,0.0039,1.5,3,1,3,1
trace-driven,trace,sample_trace,FIFO,GlobalAllocation,5,0,0,0.0032,0.0036,1.125,2,,,
trace-driven,trace,sample_trace,FIFO,GlobalAllocation,5,0,1,0.0034,0.0046,1.3529411764705883,3,,,
trace-driven,trace,sample_trace,FIFO,GlobalAllocation,5,1,0,0.0034,0.0036,1.0588235294117647,2,,,
trace-driven,trace,sample_trace,FIFO,GlobalAllocation,5,1,1,0.0032,0.0037,1.15625,3,,,
trace-driven,trace,sample_trace,FIFO,LocalAllocation,5,0,0,0.0055,0.0032,0.5818181818181818,2,0,2,0
trace-driven,trace,sample_trace,FIFO,LocalAllocation,5,0,1,0.0031,0.0031,1.0,3,1,3,1
trace-driven,trace,sample_trace,FIFO,LocalAllocation,5,1,0,0.0033,0.0027,0.8181818181818182,2,0,2,0
trace-driven,trace,sample_trace,FIFO,LocalAllocation,5,1,1,0.0029,0.0026,0.896551724137931,3,1,3,1
trace-driven,trace,sample_trace,FIFO,ProportionalAllocation,5,0,0,0.003,0.0027,0.9,2,0,2,0
trace-driven,trace,sample_trace,FIFO,ProportionalAllocation,5,0,1,0.003,0.0023,0.7666666666666667,3,0,3,0
trace-driven,trace,sample_trace,FIFO,ProportionalAllocation,5,1,0,0.0025,0.0023,0.92,2,0,2,0
trace-driven,trace,sample_trace,FIFO,ProportionalAllocation,5,1,1,0.003,0.0021,0.7,3,0,3,0
trace-driven,trace,sample_trace,LRU,GlobalAllocation,5,0,0,0.0034,0.0043,1.2647058823529411,2,,,
trace-driven,trace,sample_trace,LRU,GlobalAllocation,5,0,1,0.0037,0.0045,1.2162162162162162,3,,,
trace-driven,trace,sample_trace,LRU,GlobalAllocation,5,1,0,0.0034,0.0038,1.1176470588235294,2,,,
trace-driven,trace,sample_trace,LRU,GlobalAllocation,5,1,1,0.0034,0.0042,1.2352941176470589,3,,,
trace-driven,trace,sample_trace,LRU,LocalAllocation,5,0,0,0.0044,0.0036,0.8181818181818182,2,0,2,0
trace-driven,trace,sample_trace,LRU,LocalAllocation,5,0,1,0.0028,0.0038,1.3571428571428572,3,1,3,1
trace-driven,trace,sample_trace,LRU,LocalAllocation,5,1,0,0.0032,0.0029,0.90625,2,0,2,0
trace-driven,trace,sample_trace,LRU,LocalAllocation,5,1,1,0.0027,0.003,1.1111111111111112,3,1,3,1
trace-driven,trace,sample_trace,LRU,ProportionalAllocation,5,0,0,0.0026,0.0034,1.3076923076923077,2,0,2,0
trace-driven,trace,sample_trace,LRU,ProportionalAllocation,5,0,1,0.003,0.0024,0.8,3,0,3,0
trace-driven,trace,sample_trace,LRU,ProportionalAllocation,5,1,0,0.0026,0.0025,0.9615384615384616,2,0,2,0
trace-driven,trace,sample_trace,LRU,ProportionalAllocation,5,1,1,0.0028,0.0024,0.8571428571428571,3,0,3,0
trace-driven,trace,sample_trace,NRU,GlobalAllocation,5,0,0,0.0035,0.0042,1.2,2,,,
trace-driven,trace,sample_trace,NRU,GlobalAllocation,5,0,1,0.0034,0.0041,1.2058823529411764,3,,,
trace-driven,trace,sample_trace,NRU,GlobalAllocation,5,1,0,0.0035,0.0036,1.0285714285714285,2,,,
trace-driven,trace,sample_trace,NRU,GlobalAllocation,5,1,1,0.0033,0.0042,1.2727272727272727,3,,,
trace-driven,trace,sample_trace,NRU,LocalAllocation,5,0,0,0.0041,0.003,0.7317073170731707,2,0,2,0
trace-driven,trace,sample_trace,NRU,LocalAllocation,5,0,1,0.0029,0.0046,1.5862068965517242,3,1,3,1
trace-driven,trace,sample_trace,NRU,LocalAllocation,5,1,0,0.003,0.0028,0.9333333333333333,2,0,2,0
trace-driven,trace,sample_trace,NRU,LocalAllocation,5,1,1,0.0028,0.004,1.4285714285714286,3,1,3,1
trace-driven,trace,sample_trace,NRU,ProportionalAllocation,5,0,0,0.0028,0.003,1.0714285714285714,2,0,2,0
trace-driven,trace,sample_trace,NRU,ProportionalAllocation,5,0,1,0.0028,0.0022,0.7857142857142857,3,0,3,0
trace-driven,trace,sample_trace,NRU,ProportionalAllocation,5,1,0,0.0026,0.0024,0.9230769230769231,2,0,2,0
trace-driven,trace,sample_trace,NRU,ProportionalAllocation,5,1,1,0.0028,0.002,0.7142857142857143,3,0,3,0
trace-driven,trace,sample_trace,SecondChance,GlobalAllocation,5,0,0,0.0032,0.0037,1.15625,2,,,
trace-driven,trace,sample_trace,SecondChance,GlobalAllocation,5,0,1,0.0034,0.0039,1.1470588235294117,3,,,
trace-driven,trace,sample_trace,SecondChance,GlobalAllocation,5,1,0,0.0033,0.0034,1.0303030303030303,2,,,
trace-driven,trace,sample_trace,SecondChance,GlobalAllocation,5,1,1,0.0032,0.0038,1.1875,3,,,
trace-driven,trace,sample_trace,SecondChance,LocalAllocation,5,0,0,0.0046,0.0036,0.782608695652174,2,0,2,0
trace-driven,trace,sample_trace,SecondChance,LocalAllocation,5,0,1,0.0038,0.004,1.0526315789473684,3,1,3,1
trace-driven,trace,sample_trace,SecondChance,LocalAllocation,5,1,0,0.0043,0.0038,0.8837209302325582,2,0,2,0
trace-driven,trace,sample_trace,SecondChance,LocalAllocation,5,1,1,0.0038,0.0051,1.3421052631578947,3,1,3,1
trace-driven,trace,sample_trace,SecondChance,ProportionalAllocation,5,0,0,0.0027,0.0032,1.1851851851851851,2,0,2,0
trace-driven,trace,sample_trace,SecondChance,ProportionalAllocation,5,0,1,0.0027,0.0022,0.8148148148148148,3,0,3,0
trace-driven,trace,sample_trace,SecondChance,ProportionalAllocation,5,1,0,0.0025,0.0032,1.28,2,0,2,0
trace-driven,trace,sample_trace,SecondChance,ProportionalAllocation,5,1,1,0.0026,0.0022,0.8461538461538461,3,0,3,0
trace-driven,trace,sample_trace,WSClock,GlobalAllocation,5,0,0,0.0049,0.004,0.8163265306122449,2,,,
trace-driven,trace,sample_trace,WSClock,GlobalAllocation,5,0,1,0.0149,0.0042,0.28187919463087246,3,,,
trace-driven,trace,sample_trace,WSClock,GlobalAllocation,5,1,0,0.0033,0.0039,1.1818181818181819,2,,,
trace-driven,trace,sample_trace,WSClock,GlobalAllocation,5,1,1,0.0042,0.004,0.9523809523809523,3,,,
trace-driven,trace,sample_trace,WSClock,LocalAllocation,5,0,0,0.0047,0.0031,0.6595744680851063,2,0,2,0
trace-driven,trace,sample_trace,WSClock,LocalAllocation,5,0,1,0.0028,0.0046,1.6428571428571428,3,1,3,1
trace-driven,trace,sample_trace,WSClock,LocalAllocation,5,1,0,0.0031,0.0026,0.8387096774193549,2,0,2,0
trace-driven,trace,sample_trace,WSClock,LocalAllocation,5,1,1,0.0029,0.0039,1.3448275862068966,3,1,3,1
trace-driven,trace,sample_trace,WSClock,ProportionalAllocation,5,0,0,0.0027,0.0031,1.1481481481481481,2,0,2,0
trace-driven,trace,sample_trace,WSClock,ProportionalAllocation,5,0,1,0.0028,0.004,1.4285714285714286,3,0,3,0
trace-driven,trace,sample_trace,WSClock,ProportionalAllocation,5,1,0,0.0025,0.0025,1.0,2,0,2,0
trace-driven,trace,sample_trace,WSClock,ProportionalAllocation,5,1,1,0.0046,0.0021,0.45652173913043476,3,0,3,0
trace-driven,trace,sample_trace,FIFO,GlobalAllocation,6,0,0,0.0051,0.0058,1.1372549019607843,2,,,
trace-driven,trace,sample_trace,FIFO,GlobalAllocation,6,0,1,0.0059,0.0064,1.0847457627118644,3,,,
trace-driven,trace,sample_trace,FIFO,GlobalAllocation,6,1,0,0.0051,0.0051,1.0,2,,,
trace-driven,trace,sample_trace,FIFO,GlobalAllocation,6,1,1,0.0054,0.0061,1.1296296296296295,3,,,
trace-driven,trace,sample_trace,FIFO,LocalAllocation,6,0,0,0.0069,0.0054,0.782608695652174,2,0,2,0
trace-driven,trace,sample_trace,FIFO,LocalAllocation,6,0,1,0.0049,0.0044,0.8979591836734694,3,0,3,0
trace-driven,trace,sample_trace,FIFO,LocalAllocation,6,1,0,0.0048,0.0041,0.8541666666666666,2,0,2,0
trace-driven,trace,sample_trace,FIFO,LocalAllocation,6,1,1,0.0049,0.0039,0.7959183673469388,3,0,3,0
trace-driven,trace,sample_trace,FIFO,ProportionalAllocation,6,0,0,0.0042,0.0048,1.1428571428571428,2,0,2,0
trace-driven,trace,sample_trace,FIFO,ProportionalAllocation,6,0,1,0.0046,0.0039,0.8478260869565217,3,0,3,0
trace-driven,trace,sample_trace,FIFO,ProportionalAllocation,6,1,0,0.004,0.0041,1.025,2,0,2,0
trace-driven,trace,sample_trace,FIFO,ProportionalAllocation,6,1,1,0.0046,0.0042,0.9130434782608695,3,0,3,0
trace-driven,trace,sample_trace,LRU,GlobalAllocation,6,0,0,0.0059,0.0065,1.1016949152542372,2,,,
trace-driven,trace,sample_trace,LRU,GlobalAllocation,6,0,1,0.0066,0.0073,1.106060606060606,3,,,
trace-driven,trace,sample_trace,LRU,GlobalAllocation,6,1,0,0.0071,0.0062,0.8732394366197183,2,,,
trace-driven,trace,sample_trace,LRU,GlobalAllocation,6,1,1,0.0062,0.0075,1.2096774193548387,3,,,
trace-driven,trace,sample_trace,LRU,LocalAllocation,6,0,0,0.0186,0.0055,0.2956989247311828,2,0,2,0
trace-driven,trace,sample_trace,LRU,LocalAllocation,6,0,1,0.0046,0.0045,0.9782608695652174,3,0,3,0
trace-driven,trace,sample_trace,LRU,LocalAllocation,6,1,0,0.0063,0.0053,0.8412698412698413,2,0,2,0
trace-driven,trace,sample_trace,LRU,LocalAllocation,6,1,1,0.0047,0.0047,1.0,3,0,3,0
trace-driven,trace,sample_trace,LRU,ProportionalAllocation,6,0,0,0.0056,0.0062,1.1071428571428572,2,0,2,0
trace-driven,trace,sample_trace,LRU,ProportionalAllocation,6,0,1,0.0058,0.0049,0.8448275862068966,3,0,3,0
trace-driven,trace,sample_trace,LRU,ProportionalAllocation,6,1,0,0.0047,0.0051,1.0851063829787233,2,0,2,0
trace-driven,trace,sample_trace,LRU,ProportionalAllocation,6,1,1,0.0049,0.0042,0.8571428571428571,3,0,3,0
trace-driven,trace,sample_trace,NRU,GlobalAllocation,6,0,0,0.0057,0.0077,1.3508771929824561,2,,,
trace-driven,trace,sample_trace,NRU,GlobalAllocation,6,0,1,0.0058,0.0065,1.1206896551724137,3,,,
trace-driven,trace,sample_trace,NRU,GlobalAllocation,6,1,0,0.015,0.0166,1.1066666666666667,2,,,
trace-driven,trace,sample_trace,NRU,GlobalAllocation,6,1,1,0.0094,0.0076,0.8085106382978723,3,,,
trace-driven,trace,sample_trace,NRU,LocalAllocation,6,0,0,0.0069,0.0052,0.7536231884057971,2,0,2,0
trace-driven,trace,sample_trace,NRU,LocalAllocation,6,0,1,0.0048,0.005,1.0416666666666667,3,0,3,0
trace-driven,trace,sample_trace,NRU,LocalAllocation,6,1,0,0.0048,0.0035,0.7291666666666666,2,0,2,0
trace-driven,trace,sample_trace,NRU,LocalAllocation,6,1,1,0.0034,0.0031,0.9117647058823529,3,0,3,0
trace-driven,trace,sample_trace,NRU,ProportionalAllocation,6,0,0,0.0048,0.0052,1.0833333333333333,2,0,2,0
trace-driven,trace,sample_trace,NRU,ProportionalAllocation,6,0,1,0.0051,0.0046,0.9019607843137255,3,0,3,0
trace-driven,trace,sample_trace,NRU,ProportionalAllocation,6,1,0,0.0039,0.0051,1.3076923076923077,2,0,2,0
trace-driven,trace,sample_trace,NRU,ProportionalAllocation,6,1,1,0.2233,0.004,0.017913121361397222,3,0,3,0
trace-driven,trace,sample_trace,SecondChance,GlobalAllocation,6,0,0,0.0047,0.0057,1.2127659574468086,2,,,
trace-driven,trace,sample_trace,SecondChance,GlobalAllocation,6,0,1,0.005,0.0064,1.28,3,,,
trace-driven,trace,sample_trace,SecondChance,GlobalAllocation,6,1,0,0.0058,0.0055,0.9482758620689655,2,,,
trace-driven,trace,sample_trace,SecondChance,GlobalAllocation,6,1,1,0.0053,0.0069,1.3018867924528301,3,,,
trace-driven,trace,sample_trace,SecondChance,LocalAllocation,6,0,0,0.0065,0.0068,1.0461538461538462,2,0,2,0
trace-driven,trace,sample_trace,SecondChance,LocalAllocation,6,0,1,0.0043,0.0054,1.255813953488372,3,0,3,0
trace-driven,trace,sample_trace,SecondChance,LocalAllocation,6,1,0,0.0047,0.0235,5.0,2,0,2,0
trace-driven,trace,sample_trace,SecondChance,LocalAllocation,6,1,1,0.0043,0.0036,0.8372093023255814,3,0,3,0
trace-driven,trace,sample_trace,SecondChance,ProportionalAllocation,6,0,0,0.0049,0.005,1.0204081632653061,2,0,2,0
trace-driven,trace,sample_trace,SecondChance,ProportionalAllocation,6,0,1,0.0054,0.0046,0.8518518518518519,3,0,3,0
trace-driven,trace,sample_trace,SecondChance,ProportionalAllocation,6,1,0,0.0049,0.0044,0.8979591836734694,2,0,2,0
trace-driven,trace,sample_trace,SecondChance,ProportionalAllocation,6,1,1,0.0046,0.0039,0.8478260869565217,3,0,3,0
trace-driven,trace,sample_trace,WSClock,GlobalAllocation,6,0,0,0.0059,0.0068,1.152542372881356,2,,,
trace-driven,trace,sample_trace,WSClock,GlobalAllocation,6,0,1,0.0062,0.0076,1.2258064516129032,3,,,
trace-driven,trace,sample_trace,WSClock,GlobalAllocation,6,1,0,0.0061,0.0059,0.9672131147540983,2,,,
trace-driven,trace,sample_trace,WSClock,GlobalAllocation,6,1,1,0.0216,0.0072,0.3333333333333333,3,,,
trace-driven,trace,sample_trace,WSClock,LocalAllocation,6,0,0,0.0088,0.0059,0.6704545454545454,2,0,2,0
trace-driven,trace,sample_trace,WSClock,LocalAllocation,6,0,1,0.0054,0.0058,1.0740740740740742,3,0,3,0
trace-driven,trace,sample_trace,WSClock,LocalAllocation,6,1,0,0.0054,0.0048,0.8888888888888888,2,0,2,0
trace-driven,trace,sample_trace,WSClock,LocalAllocation,6,1,1,0.0052,0.0048,0.9230769230769231,3,0,3,0
trace-driven,trace,sample_trace,WSClock,ProportionalAllocation,6,0,0,0.0037,0.0044,1.1891891891891893,2,0,2,0
trace-driven,trace,sample_trace,WSClock,ProportionalAllocation,6,0,1,0.0045,0.004,0.8888888888888888,3,0,3,0
trace-driven,trace,sample_trace,WSClock,ProportionalAllocation,6,1,0,0.0035,0.0044,1.2571428571428571,2,0,2,0
trace-driven,trace,sample_trace,WSClock,ProportionalAllocation,6,1,1,0.0048,0.0042,0.875,3,0,3,0
trace-driven,trace,sample_trace,FIFO,GlobalAllocation,8,0,0,0.0035,0.0038,1.0857142857142856,2,,,
trace-driven,trace,sample_trace,FIFO,GlobalAllocation,8,0,1,0.0035,0.0038,1.0857142857142856,3,,,
trace-driven,trace,sample_trace,FIFO,GlobalAllocation,8,1,0,0.0081,0.0051,0.6296296296296297,2,,,
trace-driven,trace,sample_trace,FIFO,GlobalAllocation,8,1,1,0.0049,0.0058,1.183673469387755,3,,,
trace-driven,trace,sample_trace,FIFO,LocalAllocation,8,0,0,0.0083,0.0053,0.6385542168674698,2,0,2,0
trace-driven,trace,sample_trace,FIFO,LocalAllocation,8,0,1,0.0056,0.0054,0.9642857142857143,3,0,3,0
trace-driven,trace,sample_trace,FIFO,LocalAllocation,8,1,0,0.0036,0.0027,0.75,2,0,2,0
trace-driven,trace,sample_trace,FIFO,LocalAllocation,8,1,1,0.0031,0.0023,0.7419354838709677,3,0,3,0
trace-driven,trace,sample_trace,FIFO,ProportionalAllocation,8,0,0,0.0043,0.0047,1.0930232558139534,2,0,2,0
trace-driven,trace,sample_trace,FIFO,ProportionalAllocation,8,0,1,0.0043,0.0042,0.9767441860465116,3,0,3,0
trace-driven,trace,sample_trace,FIFO,ProportionalAllocation,8,1,0,0.0038,0.0034,0.8947368421052632,2,0,2,0
trace-driven,trace,sample_trace,FIFO,ProportionalAllocation,8,1,1,0.004,0.0035,0.875,3,0,3,0
trace-driven,trace,sample_trace,LRU,GlobalAllocation,8,0,0,0.0059,0.0066,1.11864406779661,2,,,
trace-driven,trace,sample_trace,LRU,GlobalAllocation,8,0,1,0.0064,0.0082,1.28125,3,,,
trace-driven,trace,sample_trace,LRU,GlobalAllocation,8,1,0,0.0048,0.0056,1.1666666666666667,2,,,
trace-driven,trace,sample_trace,LRU,GlobalAllocation,8,1,1,0.0059,0.0074,1.2542372881355932,3,,,
trace-driven,trace,sample_trace,LRU,LocalAllocation,8,0,0,0.0079,0.0057,0.7215189873417721,2,0,2,0
trace-driven,trace,sample_trace,LRU,LocalAllocation,8,0,1,0.0054,0.005,0.9259259259259259,3,0,3,0
trace-driven,trace,sample_trace,LRU,LocalAllocation,8,1,0,0.0052,0.005,0.9615384615384616,2,0,2,0
trace-driven,trace,sample_trace,LRU,LocalAllocation,8,1,1,0.0048,0.0043,0.8958333333333334,3,0,3,0
trace-driven,trace,sample_trace,LRU,ProportionalAllocation,8,0,0,0.005,0.006,1.2,2,0,2,0
trace-driven,trace,sample_trace,LRU,ProportionalAllocation,8,0,1,0.005,0.005,1.0,3,0,3,0
trace-driven,trace,sample_trace,LRU,ProportionalAllocation,8,1,0,0.005,0.0045,0.9,2,0,2,0
trace-driven,trace,sample_trace,LRU,ProportionalAllocation,8,1,1,0.0052,0.0045,0.8653846153846154,3,0,3,0
trace-driven,trace,sample_trace,NRU,GlobalAllocation,8,0,0,0.0032,0.0039,1.21875,2,,,
trace-driven,trace,sample_trace,NRU,GlobalAllocation,8,0,1,0.0033,0.0042,1.2727272727272727,3,,,
trace-driven,trace,sample_trace,NRU,GlobalAllocation,8,1,0,0.0061,0.0057,0.9344262295081968,2,,,
trace-driven,trace,sample_trace,NRU,GlobalAllocation,8,1,1,0.0057,0.0065,1.1403508771929824,3,,,
trace-driven,trace,sample_trace,NRU,LocalAllocation,8,0,0,0.0047,0.0047,1.0,2,0,2,0
trace-driven,trace,sample_trace,NRU,LocalAllocation,8,0,1,0.0063,0.0028,0.4444444444444444,3,0,3,0
trace-driven,trace,sample_trace,NRU,LocalAllocation,8,1,0,0.0058,0.0051,0.8793103448275862,2,0,2,0
trace-driven,trace,sample_trace,NRU,LocalAllocation,8,1,1,0.0052,0.0046,0.8846153846153846,3,0,3,0
trace-driven,trace,sample_trace,NRU,ProportionalAllocation,8,0,0,0.0048,0.0047,0.9791666666666666,2,0,2,0
trace-driven,trace,sample_trace,NRU,ProportionalAllocation,8,0,1,0.0044,0.0038,0.8636363636363636,3,0,3,0
trace-driven,trace,sample_trace,NRU,ProportionalAllocation,8,1,0,0.0043,0.0044,1.0232558139534884,2,0,2,0
trace-driven,trace,sample_trace,NRU,ProportionalAllocation,8,1,1,0.0045,0.0038,0.8444444444444444,3,0,3,0
trace-driven,trace,sample_trace,SecondChance,GlobalAllocation,8,0,0,0.0061,0.0071,1.1639344262295082,2,,,
trace-driven,trace,sample_trace,SecondChance,GlobalAllocation,8,0,1,0.0064,0.0076,1.1875,3,,,
trace-driven,trace,sample_trace,SecondChance,GlobalAllocation,8,1,0,0.0055,0.0064,1.1636363636363636,2,,,
trace-driven,trace,sample_trace,SecondChance,GlobalAllocation,8,1,1,0.0066,0.0076,1.1515151515151516,3,,,
trace-driven,trace,sample_trace,SecondChance,LocalAllocation,8,0,0,0.0043,0.0033,0.7674418604651163,2,0,2,0
trace-driven,trace,sample_trace,SecondChance,LocalAllocation,8,0,1,0.0027,0.0027,1.0,3,0,3,0
trace-driven,trace,sample_trace,SecondChance,LocalAllocation,8,1,0,0.0031,0.0025,0.8064516129032258,2,0,2,0
trace-driven,trace,sample_trace,SecondChance,LocalAllocation,8,1,1,0.0026,0.0021,0.8076923076923077,3,0,3,0
trace-driven,trace,sample_trace,SecondChance,ProportionalAllocation,8,0,0,0.0041,0.0049,1.1951219512195121,2,0,2,0
trace-driven,trace,sample_trace,SecondChance,ProportionalAllocation,8,0,1,0.0042,0.0045,1.0714285714285714,3,0,3,0
trace-driven,trace,sample_trace,SecondChance,ProportionalAllocation,8,1,0,0.004,0.0045,1.125,2,0,2,0
trace-driven,trace,sample_trace,SecondChance,ProportionalAllocation,8,1,1,0.0044,0.0039,0.8863636363636364,3,0,3,0
trace-driven,trace,sample_trace,WSClock,GlobalAllocation,8,0,0,0.0035,0.004,1.1428571428571428,2,,,
trace-driven,trace,sample_trace,WSClock,GlobalAllocation,8,0,1,0.0034,0.005,1.4705882352941178,3,,,
trace-driven,trace,sample_trace,WSClock,GlobalAllocation,8,1,0,0.0034,0.0039,1.1470588235294117,2,,,
trace-driven,trace,sample_trace,WSClock,GlobalAllocation,8,1,1,0.0034,0.0041,1.2058823529411764,3,,,
trace-driven,trace,sample_trace,WSClock,LocalAllocation,8,0,0,0.0081,0.0054,0.6666666666666666,2,0,2,0
trace-driven,trace,sample_trace,WSClock,LocalAllocation,8,0,1,0.0057,0.0056,0.9824561403508771,3,0,3,0
trace-driven,trace,sample_trace,WSClock,LocalAllocation,8,1,0,0.0053,0.0043,0.8113207547169812,2,0,2,0
trace-driven,trace,sample_trace,WSClock,LocalAllocation,8,1,1,0.0048,0.0041,0.8541666666666666,3,0,3,0
trace-driven,trace,sample_trace,WSClock,ProportionalAllocation,8,0,0,0.0028,0.0041,1.4642857142857142,2,0,2,0
trace-driven,trace,sample_trace,WSClock,ProportionalAllocation,8,0,1,0.0029,0.0024,0.8275862068965517,3,0,3,0
trace-driven,trace,sample_trace,WSClock,ProportionalAllocation,8,1,0,0.0038,0.0027,0.7105263157894737,2,0,2,0
trace-driven,trace,sample_trace,WSClock,ProportionalAllocation,8,1,1,0.0028,0.0022,0.7857142857142857,3,0,3,0
