mode,process_id,workload_name,algorithm,allocation_policy,memory_frames,repetition_id,duration_ns,metadata,duration_ms
shared_total,,trace-driven,FIFO,GlobalAllocation,4,0,18700,{'interleave': 'trace-order'},0.0187
shared,0,sample_trace,FIFO,GlobalAllocation,4,0,3900,{'interleave': 'trace-order'},0.0039
shared,1,sample_trace,FIFO,GlobalAllocation,4,0,6000,{'interleave': 'trace-order'},0.006
shared_total,,trace-driven,FIFO,GlobalAllocation,4,1,11900,{'interleave': 'trace-order'},0.0119
shared,0,sample_trace,FIFO,GlobalAllocation,4,1,2800,{'interleave': 'trace-order'},0.0028
shared,1,sample_trace,FIFO,GlobalAllocation,4,1,3800,{'interleave': 'trace-order'},0.0038
shared_total,,trace-driven,FIFO,LocalAllocation,4,0,11700,{'interleave': 'trace-order'},0.0117
shared,0,sample_trace,FIFO,LocalAllocation,4,0,2700,{'interleave': 'trace-order'},0.0027
shared,1,sample_trace,FIFO,LocalAllocation,4,0,3100,{'interleave': 'trace-order'},0.0031
shared_total,,trace-driven,FIFO,LocalAllocation,4,1,12200,{'interleave': 'trace-order'},0.0122
shared,0,sample_trace,FIFO,LocalAllocation,4,1,2500,{'interleave': 'trace-order'},0.0025
shared,1,sample_trace,FIFO,LocalAllocation,4,1,2700,{'interleave': 'trace-order'},0.0027
shared_total,,trace-driven,FIFO,ProportionalAllocation,4,0,11100,{'interleave': 'trace-order'},0.0111
shared,0,sample_trace,FIFO,ProportionalAllocation,4,0,2800,{'interleave': 'trace-order'},0.0028
shared,1,sample_trace,FIFO,ProportionalAllocation,4,0,2700,{'interleave': 'trace-order'},0.0027
shared_total,,trace-driven,FIFO,ProportionalAllocation,4,1,9600,{'interleave': 'trace-order'},0.0096
shared,0,sample_trace,FIFO,ProportionalAllocation,4,1,2800,{'interleave': 'trace-order'},0.0028
shared,1,sample_trace,FIFO,ProportionalAllocation,4,1,2700,{'interleave': 'trace-order'},0.0027
shared_total,,trace-driven,LRU,GlobalAllocation,4,0,18500,{'interleave': 'trace-order'},0.0185
shared,0,sample_trace,LRU,GlobalAllocation,4,0,4300,{'interleave': 'trace-order'},0.0043
shared,1,sample_trace,LRU,GlobalAllocation,4,0,7100,{'interleave': 'trace-order'},0.0071
shared_total,,trace-driven,LRU,GlobalAllocation,4,1,13400,{'interleave': 'trace-order'},0.0134
shared,0,sample_trace,LRU,GlobalAllocation,4,1,4000,{'interleave': 'trace-order'},0.004
shared,1,sample_trace,LRU,GlobalAllocation,4,1,4900,{'interleave': 'trace-order'},0.0049
shared_total,,trace-driven,LRU,LocalAllocation,4,0,12700,{'interleave': 'trace-order'},0.0127
shared,0,sample_trace,LRU,LocalAllocation,4,0,3700,{'interleave': 'trace-order'},0.0037
shared,1,sample_trace,LRU,LocalAllocation,4,0,3600,{'interleave': 'trace-order'},0.0036
shared_total,,trace-driven,LRU,LocalAllocation,4,1,10300,{'interleave': 'trace-order'},0.0103
shared,0,sample_trace,LRU,LocalAllocation,4,1,3200,{'interleave': 'trace-order'},0.0032
shared,1,sample_trace,LRU,LocalAllocation,4,1,3000,{'interleave': 'trace-order'},0.003
shared_total,,trace-driven,LRU,ProportionalAllocation,4,0,12500,{'interleave': 'trace-order'},0.0125
shared,0,sample_trace,LRU,ProportionalAllocation,4,0,3200,{'interleave': 'trace-order'},0.0032
shared,1,sample_trace,LRU,ProportionalAllocation,4,0,3300,{'interleave': 'trace-order'},0.0033
shared_total,,trace-driven,LRU,ProportionalAllocation,4,1,9800,{'interleave': 'trace-order'},0.0098
shared,0,sample_trace,LRU,ProportionalAllocation,4,1,2600,{'interleave': 'trace-order'},0.0026
shared,1,sample_trace,LRU,ProportionalAllocation,4,1,3100,{'interleave': 'trace-order'},0.0031
shared_total,,trace-driven,NRU,GlobalAllocation,4,0,18500,{'interleave': 'trace-order'},0.0185
shared,0,sample_trace,NRU,GlobalAllocation,4,0,4500,{'interleave': 'trace-order'},0.0045
shared,1,sample_trace,NRU,GlobalAllocation,4,0,7300,{'interleave': 'trace-order'},0.0073
shared_total,,trace-driven,NRU,GlobalAllocation,4,1,15800,{'interleave': 'trace-order'},0.0158
shared,0,sample_trace,NRU,GlobalAllocation,4,1,4500,{'interleave': 'trace-order'},0.0045
shared,1,sample_trace,NRU,GlobalAllocation,4,1,6300,{'interleave': 'trace-order'},0.0063
shared_total,,trace-driven,NRU,LocalAllocation,4,0,15900,{'interleave': 'trace-order'},0.0159
shared,0,sample_trace,NRU,LocalAllocation,4,0,3500,{'interleave': 'trace-order'},0.0035
shared,1,sample_trace,NRU,LocalAllocation,4,0,4700,{'interleave': 'trace-order'},0.0047
shared_total,,trace-driven,NRU,LocalAllocation,4,1,13000,{'interleave': 'trace-order'},0.013
shared,0,sample_trace,NRU,LocalAllocation,4,1,3600,{'interleave': 'trace-order'},0.0036
shared,1,sample_trace,NRU,LocalAllocation,4,1,4300,{'interleave': 'trace-order'},0.0043
shared_total,,trace-driven,NRU,ProportionalAllocation,4,0,13200,{'interleave': 'trace-order'},0.0132
shared,0,sample_trace,NRU,ProportionalAllocation,4,0,3100,{'interleave': 'trace-order'},0.0031
shared,1,sample_trace,NRU,ProportionalAllocation,4,0,4400,{'interleave': 'trace-order'},0.0044
shared_total,,trace-driven,NRU,ProportionalAllocation,4,1,10200,{'interleave': 'trace-order'},0.0102
shared,0,sample_trace,NRU,ProportionalAllocation,4,1,2600,{'interleave': 'trace-order'},0.0026
shared,1,sample_trace,NRU,ProportionalAllocation,4,1,3700,{'interleave': 'trace-order'},0.0037
shared_total,,trace-driven,SecondChance,GlobalAllocation,4,0,29800,{'interleave': 'trace-order'},0.0298
shared,0,sample_trace,SecondChance,GlobalAllocation,4,0,7200,{'interleave': 'trace-order'},0.0072
shared,1,sample_trace,SecondChance,GlobalAllocation,4,0,11800,{'interleave': 'trace-order'},0.0118
shared_total,,trace-driven,SecondChance,GlobalAllocation,4,1,24200,{'interleave': 'trace-order'},0.0242
shared,0,sample_trace,SecondChance,GlobalAllocation,4,1,6500,{'interleave': 'trace-order'},0.0065
shared,1,sample_trace,SecondChance,GlobalAllocation,4,1,9300,{'interleave': 'trace-order'},0.0093
shared_total,,trace-driven,SecondChance,LocalAllocation,4,0,36600,{'interleave': 'trace-order'},0.0366
shared,0,sample_trace,SecondChance,LocalAllocation,4,0,6000,{'interleave': 'trace-order'},0.006
shared,1,sample_trace,SecondChance,LocalAllocation,4,0,20700,{'interleave': 'trace-order'},0.0207
shared_total,,trace-driven,SecondChance,LocalAllocation,4,1,19100,{'interleave': 'trace-order'},0.0191
shared,0,sample_trace,SecondChance,LocalAllocation,4,1,4600,{'interleave': 'trace-order'},0.0046
shared,1,sample_trace,SecondChance,LocalAllocation,4,1,5700,{'interleave': 'trace-order'},0.0057
shared_total,,trace-driven,SecondChance,ProportionalAllocation,4,0,30900,{'interleave': 'trace-order'},0.0309
shared,0,sample_trace,SecondChance,ProportionalAllocation,4,0,7700,{'interleave': 'trace-order'},0.0077
shared,1,sample_trace,SecondChance,ProportionalAllocation,4,0,10500,{'interleave': 'trace-order'},0.0105
shared_total,,trace-driven,SecondChance,ProportionalAllocation,4,1,16800,{'interleave': 'trace-order'},0.0168
shared,0,sample_trace,SecondChance,ProportionalAllocation,4,1,4200,{'interleave': 'trace-order'},0.0042
shared,1,sample_trace,SecondChance,ProportionalAllocation,4,1,5600,{'interleave': 'trace-order'},0.0056
shared_total,,trace-driven,WSClock,GlobalAllocation,4,0,19700,{'interleave': 'trace-order'},0.0197
shared,0,sample_trace,WSClock,GlobalAllocation,4,0,4100,{'interleave': 'trace-order'},0.0041
shared,1,sample_trace,WSClock,GlobalAllocation,4,0,8300,{'interleave': 'trace-order'},0.0083
shared_total,,trace-driven,WSClock,GlobalAllocation,4,1,17600,{'interleave': 'trace-order'},0.0176
shared,0,sample_trace,WSClock,GlobalAllocation,4,1,3900,{'interleave': 'trace-order'},0.0039
shared,1,sample_trace,WSClock,GlobalAllocation,4,1,8400,{'interleave': 'trace-order'},0.0084
shared_total,,trace-driven,WSClock,LocalAllocation,4,0,13900,{'interleave': 'trace-order'},0.0139
shared,0,sample_trace,WSClock,LocalAllocation,4,0,3500,{'interleave': 'trace-order'},0.0035
shared,1,sample_trace,WSClock,LocalAllocation,4,0,4500,{'interleave': 'trace-order'},0.0045
shared_total,,trace-driven,WSClock,LocalAllocation,4,1,11100,{'interleave': 'trace-order'},0.0111
shared,0,sample_trace,WSClock,LocalAllocation,4,1,2600,{'interleave': 'trace-order'},0.0026
shared,1,sample_trace,WSClock,LocalAllocation,4,1,4000,{'interleave': 'trace-order'},0.004
shared_total,,trace-driven,WSClock,ProportionalAllocation,4,0,13500,{'interleave': 'trace-order'},0.0135
shared,0,sample_trace,WSClock,ProportionalAllocation,4,0,3100,{'interleave': 'trace-order'},0.0031
shared,1,sample_trace,WSClock,ProportionalAllocation,4,0,4200,{'interleave': 'trace-order'},0.0042
shared_total,,trace-driven,WSClock,ProportionalAllocation,4,1,11500,{'interleave': 'trace-order'},0.0115
shared,0,sample_trace,WSClock,ProportionalAllocation,4,1,2600,{'interleave': 'trace-order'},0.0026
shared,1,sample_trace,WSClock,ProportionalAllocation,4,1,3900,{'interleave': 'trace-order'},0.0039
shared_total,,trace-driven,FIFO,GlobalAllocation,5,0,15100,{'interleave': 'trace-order'},0.0151
shared,0,sample_trace,FIFO,GlobalAllocation,5,0,3600,{'interleave': 'trace-order'},0.0036
shared,1,sample_trace,FIFO,GlobalAllocation,5,0,4600,{'interleave': 'trace-order'},0.0046
shared_total,,trace-driven,FIFO,GlobalAllocation,5,1,12200,{'interleave': 'trace-order'},0.0122
shared,0,sample_trace,FIFO,GlobalAllocation,5,1,3600,{'interleave': 'trace-order'},0.0036
shared,1,sample_trace,FIFO,GlobalAllocation,5,1,3700,{'interleave': 'trace-order'},0.0037
shared_total,,trace-driven,FIFO,LocalAllocation,5,0,12500,{'interleave': 'trace-order'},0.0125
shared,0,sample_trace,FIFO,LocalAllocation,5,0,3200,{'interleave': 'trace-order'},0.0032
shared,1,sample_trace,FIFO,LocalAllocation,5,0,3100,{'interleave': 'trace-order'},0.0031
shared_total,,trace-driven,FIFO,LocalAllocation,5,1,9900,{'interleave': 'trace-order'},0.0099
shared,0,sample_trace,FIFO,LocalAllocation,5,1,2700,{'interleave': 'trace-order'},0.0027
shared,1,sample_trace,FIFO,LocalAllocation,5,1,2600,{'interleave': 'trace-order'},0.0026
shared_total,,trace-driven,FIFO,ProportionalAllocation,5,0,10200,{'interleave': 'trace-order'},0.0102
shared,0,sample_trace,FIFO,ProportionalAllocation,5,0,2700,{'interleave': 'trace-order'},0.0027
shared,1,sample_trace,FIFO,ProportionalAllocation,5,0,2300,{'interleave': 'trace-order'},0.0023
shared_total,,trace-driven,FIFO,ProportionalAllocation,5,1,8500,{'interleave': 'trace-order'},0.0085
shared,0,sample_trace,FIFO,ProportionalAllocation,5,1,2300,{'interleave': 'trace-order'},0.0023
shared,1,sample_trace,FIFO,ProportionalAllocation,5,1,2100,{'interleave': 'trace-order'},0.0021
shared_total,,trace-driven,LRU,GlobalAllocation,5,0,15500,{'interleave': 'trace-order'},0.0155
shared,0,sample_trace,LRU,GlobalAllocation,5,0,4300,{'interleave': 'trace-order'},0.0043
shared,1,sample_trace,LRU,GlobalAllocation,5,0,4500,{'interleave': 'trace-order'},0.0045
shared_total,,trace-driven,LRU,GlobalAllocation,5,1,12900,{'interleave': 'trace-order'},0.0129
shared,0,sample_trace,LRU,GlobalAllocation,5,1,3800,{'interleave': 'trace-order'},0.0038
shared,1,sample_trace,LRU,GlobalAllocation,5,1,4200,{'interleave': 'trace-order'},0.0042
shared_total,,trace-driven,LRU,LocalAllocation,5,0,13100,{'interleave': 'trace-order'},0.0131
shared,0,sample_trace,LRU,LocalAllocation,5,0,3600,{'interleave': 'trace-order'},0.0036
shared,1,sample_trace,LRU,LocalAllocation,5,0,3800,{'interleave': 'trace-order'},0.0038
shared_total,,trace-driven,LRU,LocalAllocation,5,1,9700,{'interleave': 'trace-order'},0.0097
shared,0,sample_trace,LRU,LocalAllocation,5,1,2900,{'interleave': 'trace-order'},0.0029
shared,1,sample_trace,LRU,LocalAllocation,5,1,3000,{'interleave': 'trace-order'},0.003
shared_total,,trace-driven,LRU,ProportionalAllocation,5,0,15100,{'interleave': 'trace-order'},0.0151
shared,0,sample_trace,LRU,ProportionalAllocation,5,0,3400,{'interleave': 'trace-order'},0.0034
shared,1,sample_trace,LRU,ProportionalAllocation,5,0,2400,{'interleave': 'trace-order'},0.0024
shared_total,,trace-driven,LRU,ProportionalAllocation,5,1,9400,{'interleave': 'trace-order'},0.0094
shared,0,sample_trace,LRU,ProportionalAllocation,5,1,2500,{'interleave': 'trace-order'},0.0025
shared,1,sample_trace,LRU,ProportionalAllocation,5,1,2400,{'interleave': 'trace-order'},0.0024
shared_total,,trace-driven,NRU,GlobalAllocation,5,0,14500,{'interleave': 'trace-order'},0.0145
shared,0,sample_trace,NRU,GlobalAllocation,5,0,4200,{'interleave': 'trace-order'},0.0042
shared,1,sample_trace,NRU,GlobalAllocation,5,0,4100,{'interleave': 'trace-order'},0.0041
shared_total,,trace-driven,NRU,GlobalAllocation,5,1,12500,{'interleave': 'trace-order'},0.0125
shared,0,sample_trace,NRU,GlobalAllocation,5,1,3600,{'interleave': 'trace-order'},0.0036
shared,1,sample_trace,NRU,GlobalAllocation,5,1,4200,{'interleave': 'trace-order'},0.0042
shared_total,,trace-driven,NRU,LocalAllocation,5,0,13200,{'interleave': 'trace-order'},0.0132
shared,0,sample_trace,NRU,LocalAllocation,5,0,3000,{'interleave': 'trace-order'},0.003
shared,1,sample_trace,NRU,LocalAllocation,5,0,4600,{'interleave': 'trace-order'},0.0046
shared_total,,trace-driven,NRU,LocalAllocation,5,1,11200,{'interleave': 'trace-order'},0.0112
shared,0,sample_trace,NRU,LocalAllocation,5,1,2800,{'interleave': 'trace-order'},0.0028
shared,1,sample_trace,NRU,LocalAllocation,5,1,4000,{'interleave': 'trace-order'},0.004
shared_total,,trace-driven,NRU,ProportionalAllocation,5,0,11000,{'interleave': 'trace-order'},0.011
shared,0,sample_trace,NRU,ProportionalAllocation,5,0,3000,{'interleave': 'trace-order'},0.003
shared,1,sample_trace,NRU,ProportionalAllocation,5,0,2200,{'interleave': 'trace-order'},0.0022
shared_total,,trace-driven,NRU,ProportionalAllocation,5,1,8800,{'interleave': 'trace-order'},0.0088
shared,0,sample_trace,NRU,ProportionalAllocation,5,1,2400,{'interleave': 'trace-order'},0.0024
shared,1,sample_trace,NRU,ProportionalAllocation,5,1,2000,{'interleave': 'trace-order'},0.002
shared_total,,trace-driven,SecondChance,GlobalAllocation,5,0,13400,{'interleave': 'trace-order'},0.0134
shared,0,sample_trace,SecondChance,GlobalAllocation,5,0,3700,{'interleave': 'trace-order'},0.0037
shared,1,sample_trace,SecondChance,GlobalAllocation,5,0,3900,{'interleave': 'trace-order'},0.0039
shared_total,,trace-driven,SecondChance,GlobalAllocation,5,1,11600,{'interleave': 'trace-order'},0.0116
shared,0,sample_trace,SecondChance,GlobalAllocation,5,1,3400,{'interleave': 'trace-order'},0.0034
shared,1,sample_trace,SecondChance,GlobalAllocation,5,1,3800,{'interleave': 'trace-order'},0.0038
shared_total,,trace-driven,SecondChance,LocalAllocation,5,0,14200,{'interleave': 'trace-order'},0.0142
shared,0,sample_trace,SecondChance,LocalAllocation,5,0,3600,{'interleave': 'trace-order'},0.0036
shared,1,sample_trace,SecondChance,LocalAllocation,5,0,4000,{'interleave': 'trace-order'},0.004
shared_total,,trace-driven,SecondChance,LocalAllocation,5,1,15700,{'interleave': 'trace-order'},0.0157
shared,0,sample_trace,SecondChance,LocalAllocation,5,1,3800,{'interleave': 'trace-order'},0.0038
shared,1,sample_trace,SecondChance,LocalAllocation,5,1,5100,{'interleave': 'trace-order'},0.0051
shared_total,,trace-driven,SecondChance,ProportionalAllocation,5,0,11900,{'interleave': 'trace-order'},0.0119
shared,0,sample_trace,SecondChance,ProportionalAllocation,5,0,3200,{'interleave': 'trace-order'},0.0032
shared,1,sample_trace,SecondChance,ProportionalAllocation,5,0,2200,{'interleave': 'trace-order'},0.0022
shared_total,,trace-driven,SecondChance,ProportionalAllocation,5,1,10100,{'interleave': 'trace-order'},0.0101
shared,0,sample_trace,SecondChance,ProportionalAllocation,5,1,3200,{'interleave': 'trace-order'},0.0032
shared,1,sample_trace,SecondChance,ProportionalAllocation,5,1,2200,{'interleave': 'trace-order'},0.0022
shared_total,,trace-driven,WSClock,GlobalAllocation,5,0,14400,{'interleave': 'trace-order'},0.0144
shared,0,sample_trace,WSClock,GlobalAllocation,5,0,4000,{'interleave': 'trace-order'},0.004
shared,1,sample_trace,WSClock,GlobalAllocation,5,0,4200,{'interleave': 'trace-order'},0.0042
shared_total,,trace-driven,WSClock,GlobalAllocation,5,1,12900,{'interleave': 'trace-order'},0.0129
shared,0,sample_trace,WSClock,GlobalAllocation,5,1,3900,{'interleave': 'trace-order'},0.0039
shared,1,sample_trace,WSClock,GlobalAllocation,5,1,4000,{'interleave': 'trace-order'},0.004
shared_total,,trace-driven,WSClock,LocalAllocation,5,0,13000,{'interleave': 'trace-order'},0.013
shared,0,sample_trace,WSClock,LocalAllocation,5,0,3100,{'interleave': 'trace-order'},0.0031
shared,1,sample_trace,WSClock,LocalAllocation,5,0,4600,{'interleave': 'trace-order'},0.0046
shared_total,,trace-driven,WSClock,LocalAllocation,5,1,10700,{'interleave': 'trace-order'},0.0107
shared,0,sample_trace,WSClock,LocalAllocation,5,1,2600,{'interleave': 'trace-order'},0.0026
shared,1,sample_trace,WSClock,LocalAllocation,5,1,3900,{'interleave': 'trace-order'},0.0039
shared_total,,trace-driven,WSClock,ProportionalAllocation,5,0,13400,{'interleave': 'trace-order'},0.0134
shared,0,sample_trace,WSClock,ProportionalAllocation,5,0,3100,{'interleave': 'trace-order'},0.0031
shared,1,sample_trace,WSClock,ProportionalAllocation,5,0,4000,{'interleave': 'trace-order'},0.004
shared_total,,trace-driven,WSClock,ProportionalAllocation,5,1,9400,{'interleave': 'trace-order'},0.0094
shared,0,sample_trace,WSClock,ProportionalAllocation,5,1,2500,{'interleave': 'trace-order'},0.0025
shared,1,sample_trace,WSClock,ProportionalAllocation,5,1,2100,{'interleave': 'trace-order'},0.0021
shared_total,,trace-driven,FIFO,GlobalAllocation,6,0,20600,{'interleave': 'trace-order'},0.0206
shared,0,sample_trace,FIFO,GlobalAllocation,6,0,5800,{'interleave': 'trace-order'},0.0058
shared,1,sample_trace,FIFO,GlobalAllocation,6,0,6400,{'interleave': 'trace-order'},0.0064
shared_total,,trace-driven,FIFO,GlobalAllocation,6,1,17300,{'interleave': 'trace-order'},0.0173
shared,0,sample_trace,FIFO,GlobalAllocation,6,1,5100,{'interleave': 'trace-order'},0.0051
shared,1,sample_trace,FIFO,GlobalAllocation,6,1,6100,{'interleave': 'trace-order'},0.0061
shared_total,,trace-driven,FIFO,LocalAllocation,6,0,18100,{'interleave': 'trace-order'},0.0181
shared,0,sample_trace,FIFO,LocalAllocation,6,0,5400,{'interleave': 'trace-order'},0.0054
shared,1,sample_trace,FIFO,LocalAllocation,6,0,4400,{'interleave': 'trace-order'},0.0044
shared_total,,trace-driven,FIFO,LocalAllocation,6,1,15900,{'interleave': 'trace-order'},0.0159
shared,0,sample_trace,FIFO,LocalAllocation,6,1,4100,{'interleave': 'trace-order'},0.0041
shared,1,sample_trace,FIFO,LocalAllocation,6,1,3900,{'interleave': 'trace-order'},0.0039
shared_total,,trace-driven,FIFO,ProportionalAllocation,6,0,18100,{'interleave': 'trace-order'},0.0181
shared,0,sample_trace,FIFO,ProportionalAllocation,6,0,4800,{'interleave': 'trace-order'},0.0048
shared,1,sample_trace,FIFO,ProportionalAllocation,6,0,3900,{'interleave': 'trace-order'},0.0039
shared_total,,trace-driven,FIFO,ProportionalAllocation,6,1,16500,{'interleave': 'trace-order'},0.0165
shared,0,sample_trace,FIFO,ProportionalAllocation,6,1,4100,{'interleave': 'trace-order'},0.0041
shared,1,sample_trace,FIFO,ProportionalAllocation,6,1,4200,{'interleave': 'trace-order'},0.0042
shared_total,,trace-driven,LRU,GlobalAllocation,6,0,26900,{'interleave': 'trace-order'},0.0269
shared,0,sample_trace,LRU,GlobalAllocation,6,0,6500,{'interleave': 'trace-order'},0.0065
shared,1,sample_trace,LRU,GlobalAllocation,6,0,7300,{'interleave': 'trace-order'},0.0073
shared_total,,trace-driven,LRU,GlobalAllocation,6,1,22200,{'interleave': 'trace-order'},0.0222
shared,0,sample_trace,LRU,GlobalAllocation,6,1,6200,{'interleave': 'trace-order'},0.0062
shared,1,sample_trace,LRU,GlobalAllocation,6,1,7500,{'interleave': 'trace-order'},0.0075
shared_total,,trace-driven,LRU,LocalAllocation,6,0,18100,{'interleave': 'trace-order'},0.0181
shared,0,sample_trace,LRU,LocalAllocation,6,0,5500,{'interleave': 'trace-order'},0.0055
shared,1,sample_trace,LRU,LocalAllocation,6,0,4500,{'interleave': 'trace-order'},0.0045
shared_total,,trace-driven,LRU,LocalAllocation,6,1,20200,{'interleave': 'trace-order'},0.0202
shared,0,sample_trace,LRU,LocalAllocation,6,1,5300,{'interleave': 'trace-order'},0.0053
shared,1,sample_trace,LRU,LocalAllocation,6,1,4700,{'interleave': 'trace-order'},0.0047
shared_total,,trace-driven,LRU,ProportionalAllocation,6,0,21200,{'interleave': 'trace-order'},0.0212
shared,0,sample_trace,LRU,ProportionalAllocation,6,0,6200,{'interleave': 'trace-order'},0.0062
shared,1,sample_trace,LRU,ProportionalAllocation,6,0,4900,{'interleave': 'trace-order'},0.0049
shared_total,,trace-driven,LRU,ProportionalAllocation,6,1,18400,{'interleave': 'trace-order'},0.0184
shared,0,sample_trace,LRU,ProportionalAllocation,6,1,5100,{'interleave': 'trace-order'},0.0051
shared,1,sample_trace,LRU,ProportionalAllocation,6,1,4200,{'interleave': 'trace-order'},0.0042
shared_total,,trace-driven,NRU,GlobalAllocation,6,0,26100,{'interleave': 'trace-order'},0.0261
shared,0,sample_trace,NRU,GlobalAllocation,6,0,7700,{'interleave': 'trace-order'},0.0077
shared,1,sample_trace,NRU,GlobalAllocation,6,0,6500,{'interleave': 'trace-order'},0.0065
shared_total,,trace-driven,NRU,GlobalAllocation,6,1,118200,{'interleave': 'trace-order'},0.1182
shared,0,sample_trace,NRU,GlobalAllocation,6,1,16600,{'interleave': 'trace-order'},0.0166
shared,1,sample_trace,NRU,GlobalAllocation,6,1,7600,{'interleave': 'trace-order'},0.0076
shared_total,,trace-driven,NRU,LocalAllocation,6,0,19400,{'interleave': 'trace-order'},0.0194
shared,0,sample_trace,NRU,LocalAllocation,6,0,5200,{'interleave': 'trace-order'},0.0052
shared,1,sample_trace,NRU,LocalAllocation,6,0,5000,{'interleave': 'trace-order'},0.005
shared_total,,trace-driven,NRU,LocalAllocation,6,1,14800,{'interleave': 'trace-order'},0.0148
shared,0,sample_trace,NRU,LocalAllocation,6,1,3500,{'interleave': 'trace-order'},0.0035
shared,1,sample_trace,NRU,LocalAllocation,6,1,3100,{'interleave': 'trace-order'},0.0031
shared_total,,trace-driven,NRU,ProportionalAllocation,6,0,17700,{'interleave': 'trace-order'},0.0177
shared,0,sample_trace,NRU,ProportionalAllocation,6,0,5200,{'interleave': 'trace-order'},0.0052
shared,1,sample_trace,NRU,ProportionalAllocation,6,0,4600,{'interleave': 'trace-order'},0.0046
shared_total,,trace-driven,NRU,ProportionalAllocation,6,1,20200,{'interleave': 'trace-order'},0.0202
shared,0,sample_trace,NRU,ProportionalAllocation,6,1,5100,{'interleave': 'trace-order'},0.0051
shared,1,sample_trace,NRU,ProportionalAllocation,6,1,4000,{'interleave': 'trace-order'},0.004
shared_total,,trace-driven,SecondChance,GlobalAllocation,6,0,23000,{'interleave': 'trace-order'},0.023
shared,0,sample_trace,SecondChance,GlobalAllocation,6,0,5700,{'interleave': 'trace-order'},0.0057
shared,1,sample_trace,SecondChance,GlobalAllocation,6,0,6400,{'interleave': 'trace-order'},0.0064
shared_total,,trace-driven,SecondChance,GlobalAllocation,6,1,20600,{'interleave': 'trace-order'},0.0206
shared,0,sample_trace,SecondChance,GlobalAllocation,6,1,5500,{'interleave': 'trace-order'},0.0055
shared,1,sample_trace,SecondChance,GlobalAllocation,6,1,6900,{'interleave': 'trace-order'},0.0069
shared_total,,trace-driven,SecondChance,LocalAllocation,6,0,22300,{'interleave': 'trace-order'},0.0223
shared,0,sample_trace,SecondChance,LocalAllocation,6,0,6800,{'interleave': 'trace-order'},0.0068
shared,1,sample_trace,SecondChance,LocalAllocation,6,0,5400,{'interleave': 'trace-order'},0.0054
shared_total,,trace-driven,SecondChance,LocalAllocation,6,1,36700,{'interleave': 'trace-order'},0.0367
shared,0,sample_trace,SecondChance,LocalAllocation,6,1,23500,{'interleave': 'trace-order'},0.0235
shared,1,sample_trace,SecondChance,LocalAllocation,6,1,3600,{'interleave': 'trace-order'},0.0036
shared_total,,trace-driven,SecondChance,ProportionalAllocation,6,0,18500,{'interleave': 'trace-order'},0.0185
shared,0,sample_trace,SecondChance,ProportionalAllocation,6,0,5000,{'interleave': 'trace-order'},0.005
shared,1,sample_trace,SecondChance,ProportionalAllocation,6,0,4600,{'interleave': 'trace-order'},0.0046
shared_total,,trace-driven,SecondChance,ProportionalAllocation,6,1,26400,{'interleave': 'trace-order'},0.0264
shared,0,sample_trace,SecondChance,ProportionalAllocation,6,1,4400,{'interleave': 'trace-order'},0.0044
shared,1,sample_trace,SecondChance,ProportionalAllocation,6,1,3900,{'interleave': 'trace-order'},0.0039
shared_total,,trace-driven,WSClock,GlobalAllocation,6,0,26000,{'interleave': 'trace-order'},0.026
shared,0,sample_trace,WSClock,GlobalAllocation,6,0,6800,{'interleave': 'trace-order'},0.0068
shared,1,sample_trace,WSClock,GlobalAllocation,6,0,7600,{'interleave': 'trace-order'},0.0076
shared_total,,trace-driven,WSClock,GlobalAllocation,6,1,22800,{'interleave': 'trace-order'},0.0228
shared,0,sample_trace,WSClock,GlobalAllocation,6,1,5900,{'interleave': 'trace-order'},0.0059
shared,1,sample_trace,WSClock,GlobalAllocation,6,1,7200,{'interleave': 'trace-order'},0.0072
shared_total,,trace-driven,WSClock,LocalAllocation,6,0,20400,{'interleave': 'trace-order'},0.0204
shared,0,sample_trace,WSClock,LocalAllocation,6,0,5900,{'interleave': 'trace-order'},0.0059
shared,1,sample_trace,WSClock,LocalAllocation,6,0,5800,{'interleave': 'trace-order'},0.0058
shared_total,,trace-driven,WSClock,LocalAllocation,6,1,17000,{'interleave': 'trace-order'},0.017
shared,0,sample_trace,WSClock,LocalAllocation,6,1,4800,{'interleave': 'trace-order'},0.0048
shared,1,sample_trace,WSClock,LocalAllocation,6,1,4800,{'interleave': 'trace-order'},0.0048
shared_total,,trace-driven,WSClock,ProportionalAllocation,6,0,17000,{'interleave': 'trace-order'},0.017
shared,0,sample_trace,WSClock,ProportionalAllocation,6,0,4400,{'interleave': 'trace-order'},0.0044
shared,1,sample_trace,WSClock,ProportionalAllocation,6,0,4000,{'interleave': 'trace-order'},0.004
shared_total,,trace-driven,WSClock,ProportionalAllocation,6,1,18400,{'interleave': 'trace-order'},0.0184
shared,0,sample_trace,WSClock,ProportionalAllocation,6,1,4400,{'interleave': 'trace-order'},0.0044
shared,1,sample_trace,WSClock,ProportionalAllocation,6,1,4200,{'interleave': 'trace-order'},0.0042
shared_total,,trace-driven,FIFO,GlobalAllocation,8,0,14300,{'interleave': 'trace-order'},0.0143
shared,0,sample_trace,FIFO,GlobalAllocation,8,0,3800,{'interleave': 'trace-order'},0.0038
shared,1,sample_trace,FIFO,GlobalAllocation,8,0,3800,{'interleave': 'trace-order'},0.0038
shared_total,,trace-driven,FIFO,GlobalAllocation,8,1,20200,{'interleave': 'trace-order'},0.0202
shared,0,sample_trace,FIFO,GlobalAllocation,8,1,5100,{'interleave': 'trace-order'},0.0051
shared,1,sample_trace,FIFO,GlobalAllocation,8,1,5800,{'interleave': 'trace-order'},0.0058
shared_total,,trace-driven,FIFO,LocalAllocation,8,0,19600,{'interleave': 'trace-order'},0.0196
shared,0,sample_trace,FIFO,LocalAllocation,8,0,5300,{'interleave': 'trace-order'},0.0053
shared,1,sample_trace,FIFO,LocalAllocation,8,0,5400,{'interleave': 'trace-order'},0.0054
shared_total,,trace-driven,FIFO,LocalAllocation,8,1,11200,{'interleave': 'trace-order'},0.0112
shared,0,sample_trace,FIFO,LocalAllocation,8,1,2700,{'interleave': 'trace-order'},0.0027
shared,1,sample_trace,FIFO,LocalAllocation,8,1,2300,{'interleave': 'trace-order'},0.0023
shared_total,,trace-driven,FIFO,ProportionalAllocation,8,0,17200,{'interleave': 'trace-order'},0.0172
shared,0,sample_trace,FIFO,ProportionalAllocation,8,0,4700,{'interleave': 'trace-order'},0.0047
shared,1,sample_trace,FIFO,ProportionalAllocation,8,0,4200,{'interleave': 'trace-order'},0.0042
shared_total,,trace-driven,FIFO,ProportionalAllocation,8,1,13600,{'interleave': 'trace-order'},0.0136
shared,0,sample_trace,FIFO,ProportionalAllocation,8,1,3400,{'interleave': 'trace-order'},0.0034
shared,1,sample_trace,FIFO,ProportionalAllocation,8,1,3500,{'interleave': 'trace-order'},0.0035
shared_total,,trace-driven,LRU,GlobalAllocation,8,0,25600,{'interleave': 'trace-order'},0.0256
shared,0,sample_trace,LRU,GlobalAllocation,8,0,6600,{'interleave': 'trace-order'},0.0066
shared,1,sample_trace,LRU,GlobalAllocation,8,0,8200,{'interleave': 'trace-order'},0.0082
shared_total,,trace-driven,LRU,GlobalAllocation,8,1,22800,{'interleave': 'trace-order'},0.0228
shared,0,sample_trace,LRU,GlobalAllocation,8,1,5600,{'interleave': 'trace-order'},0.0056
shared,1,sample_trace,LRU,GlobalAllocation,8,1,7400,{'interleave': 'trace-order'},0.0074
shared_total,,trace-driven,LRU,LocalAllocation,8,0,19300,{'interleave': 'trace-order'},0.0193
shared,0,sample_trace,LRU,LocalAllocation,8,0,5700,{'interleave': 'trace-order'},0.0057
shared,1,sample_trace,LRU,LocalAllocation,8,0,5000,{'interleave': 'trace-order'},0.005
shared_total,,trace-driven,LRU,LocalAllocation,8,1,17500,{'interleave': 'trace-order'},0.0175
shared,0,sample_trace,LRU,LocalAllocation,8,1,5000,{'interleave': 'trace-order'},0.005
shared,1,sample_trace,LRU,LocalAllocation,8,1,4300,{'interleave': 'trace-order'},0.0043
shared_total,,trace-driven,LRU,ProportionalAllocation,8,0,22200,{'interleave': 'trace-order'},0.0222
shared,0,sample_trace,LRU,ProportionalAllocation,8,0,6000,{'interleave': 'trace-order'},0.006
shared,1,sample_trace,LRU,ProportionalAllocation,8,0,5000,{'interleave': 'trace-order'},0.005
shared_total,,trace-driven,LRU,ProportionalAllocation,8,1,16800,{'interleave': 'trace-order'},0.0168
shared,0,sample_trace,LRU,ProportionalAllocation,8,1,4500,{'interleave': 'trace-order'},0.0045
shared,1,sample_trace,LRU,ProportionalAllocation,8,1,4500,{'interleave': 'trace-order'},0.0045
shared_total,,trace-driven,NRU,GlobalAllocation,8,0,15000,{'interleave': 'trace-order'},0.015
shared,0,sample_trace,NRU,GlobalAllocation,8,0,3900,{'interleave': 'trace-order'},0.0039
shared,1,sample_trace,NRU,GlobalAllocation,8,0,4200,{'interleave': 'trace-order'},0.0042
shared_total,,trace-driven,NRU,GlobalAllocation,8,1,20400,{'interleave': 'trace-order'},0.0204
shared,0,sample_trace,NRU,GlobalAllocation,8,1,5700,{'interleave': 'trace-order'},0.0057
shared,1,sample_trace,NRU,GlobalAllocation,8,1,6500,{'interleave': 'trace-order'},0.0065
shared_total,,trace-driven,NRU,LocalAllocation,8,0,15100,{'interleave': 'trace-order'},0.0151
shared,0,sample_trace,NRU,LocalAllocation,8,0,4700,{'interleave': 'trace-order'},0.0047
shared,1,sample_trace,NRU,LocalAllocation,8,0,2800,{'interleave': 'trace-order'},0.0028
shared_total,,trace-driven,NRU,LocalAllocation,8,1,19200,{'interleave': 'trace-order'},0.0192
shared,0,sample_trace,NRU,LocalAllocation,8,1,5100,{'interleave': 'trace-order'},0.0051
shared,1,sample_trace,NRU,LocalAllocation,8,1,4600,{'interleave': 'trace-order'},0.0046
shared_total,,trace-driven,NRU,ProportionalAllocation,8,0,17100,{'interleave': 'trace-order'},0.0171
shared,0,sample_trace,NRU,ProportionalAllocation,8,0,4700,{'interleave': 'trace-order'},0.0047
shared,1,sample_trace,NRU,ProportionalAllocation,8,0,3800,{'interleave': 'trace-order'},0.0038
shared_total,,trace-driven,NRU,ProportionalAllocation,8,1,16000,{'interleave': 'trace-order'},0.016
shared,0,sample_trace,NRU,ProportionalAllocation,8,1,4400,{'interleave': 'trace-order'},0.0044
shared,1,sample_trace,NRU,ProportionalAllocation,8,1,3800,{'interleave': 'trace-order'},0.0038
shared_total,,trace-driven,SecondChance,GlobalAllocation,8,0,24700,{'interleave': 'trace-order'},0.0247
shared,0,sample_trace,SecondChance,GlobalAllocation,8,0,7100,{'interleave': 'trace-order'},0.0071
shared,1,sample_trace,SecondChance,GlobalAllocation,8,0,7600,{'interleave': 'trace-order'},0.0076
shared_total,,trace-driven,SecondChance,GlobalAllocation,8,1,27400,{'interleave': 'trace-order'},0.0274
shared,0,sample_trace,SecondChance,GlobalAllocation,8,1,6400,{'interleave': 'trace-order'},0.0064
shared,1,sample_trace,SecondChance,GlobalAllocation,8,1,7600,{'interleave': 'trace-order'},0.0076
shared_total,,trace-driven,SecondChance,LocalAllocation,8,0,11700,{'interleave': 'trace-order'},0.0117
shared,0,sample_trace,SecondChance,LocalAllocation,8,0,3300,{'interleave': 'trace-order'},0.0033
shared,1,sample_trace,SecondChance,LocalAllocation,8,0,2700,{'interleave': 'trace-order'},0.0027
shared_total,,trace-driven,SecondChance,LocalAllocation,8,1,8800,{'interleave': 'trace-order'},0.0088
shared,0,sample_trace,SecondChance,LocalAllocation,8,1,2500,{'interleave': 'trace-order'},0.0025
shared,1,sample_trace,SecondChance,LocalAllocation,8,1,2100,{'interleave': 'trace-order'},0.0021
shared_total,,trace-driven,SecondChance,ProportionalAllocation,8,0,17600,{'interleave': 'trace-order'},0.0176
shared,0,sample_trace,SecondChance,ProportionalAllocation,8,0,4900,{'interleave': 'trace-order'},0.0049
shared,1,sample_trace,SecondChance,ProportionalAllocation,8,0,4500,{'interleave': 'trace-order'},0.0045
shared_total,,trace-driven,SecondChance,ProportionalAllocation,8,1,16000,{'interleave': 'trace-order'},0.016
shared,0,sample_trace,SecondChance,ProportionalAllocation,8,1,4500,{'interleave': 'trace-order'},0.0045
shared,1,sample_trace,SecondChance,ProportionalAllocation,8,1,3900,{'interleave': 'trace-order'},0.0039
shared_total,,trace-driven,WSClock,GlobalAllocation,8,0,16000,{'interleave': 'trace-order'},0.016
shared,0,sample_trace,WSClock,GlobalAllocation,8,0,4000,{'interleave': 'trace-order'},0.004
shared,1,sample_trace,WSClock,GlobalAllocation,8,0,5000,{'interleave': 'trace-order'},0.005
shared_total,,trace-driven,WSClock,GlobalAllocation,8,1,12700,{'interleave': 'trace-order'},0.0127
shared,0,sample_trace,WSClock,GlobalAllocation,8,1,3900,{'interleave': 'trace-order'},0.0039
shared,1,sample_trace,WSClock,GlobalAllocation,8,1,4100,{'interleave': 'trace-order'},0.0041
shared_total,,trace-driven,WSClock,LocalAllocation,8,0,19900,{'interleave': 'trace-order'},0.0199
shared,0,sample_trace,WSClock,LocalAllocation,8,0,5400,{'interleave': 'trace-order'},0.0054
shared,1,sample_trace,WSClock,LocalAllocation,8,0,5600,{'interleave': 'trace-order'},0.0056
shared_total,,trace-driven,WSClock,LocalAllocation,8,1,15700,{'interleave': 'trace-order'},0.0157
shared,0,sample_trace,WSClock,LocalAllocation,8,1,4300,{'interleave': 'trace-order'},0.0043
shared,1,sample_trace,WSClock,LocalAllocation,8,1,4100,{'interleave': 'trace-order'},0.0041
shared_total,,trace-driven,WSClock,ProportionalAllocation,8,0,13000,{'interleave': 'trace-order'},0.013
shared,0,sample_trace,WSClock,ProportionalAllocation,8,0,4100,{'interleave': 'trace-order'},0.0041
shared,1,sample_trace,WSClock,ProportionalAllocation,8,0,2400,{'interleave': 'trace-order'},0.0024
shared_total,,trace-driven,WSClock,ProportionalAllocation,8,1,9500,{'interleave': 'trace-order'},0.0095
shared,0,sample_trace,WSClock,ProportionalAllocation,8,1,2700,{'interleave': 'trace-order'},0.0027
shared,1,sample_trace,WSClock,ProportionalAllocation,8,1,2200,{'interleave': 'trace-order'},0.0022
