profile,workload_name,algorithm,allocation_policy,memory_frames,process_id,trials,mean_ns,median_ns,std_ns,cv,min_ns,max_ns,range_ns
pressure_pinned,high_locality,FIFO,GlobalAllocation,105,0,8,182037.5,181600.0,2659.72,0.014611,178800.0,187000.0,8200.0
pressure_pinned,high_locality,FIFO,GlobalAllocation,105,1,8,186775.0,184250.0,7283.2,0.038995,182400.0,204600.0,22200.0
pressure_pinned,high_locality,FIFO,GlobalAllocation,131,0,8,203512.5,181700.0,61668.97,0.303023,179400.0,356100.0,176700.0
pressure_pinned,high_locality,FIFO,GlobalAllocation,131,1,8,208425.0,184750.0,65865.42,0.316015,181500.0,371300.0,189800.0
pressure_pinned,high_locality,FIFO,GlobalAllocation,157,0,8,229525.0,195650.0,65965.48,0.2874,180500.0,334700.0,154200.0
pressure_pinned,high_locality,FIFO,GlobalAllocation,157,1,8,226750.0,185850.0,66397.1,0.292821,183700.0,357800.0,174100.0
pressure_pinned,high_locality,FIFO,GlobalAllocation,196,0,8,196962.5,181950.0,44576.35,0.226319,179100.0,307200.0,128100.0
pressure_pinned,high_locality,FIFO,GlobalAllocation,196,1,8,183600.0,183250.0,2651.15,0.01444,179500.0,188500.0,9000.0
pressure_pinned,high_locality,FIFO,GlobalAllocation,241,0,8,209900.0,187750.0,69626.6,0.331713,179000.0,381900.0,202900.0
pressure_pinned,high_locality,FIFO,GlobalAllocation,241,1,8,212512.5,185950.0,73421.92,0.345495,182400.0,393800.0,211400.0
pressure_pinned,high_locality,FIFO,GlobalAllocation,241,2,8,217425.0,192650.0,72760.7,0.334647,184600.0,396800.0,212200.0
pressure_pinned,high_locality,FIFO,GlobalAllocation,241,3,8,215887.5,188100.0,76405.77,0.353915,187000.0,404900.0,217900.0
pressure_pinned,high_locality,FIFO,GlobalAllocation,301,0,8,182475.0,182700.0,1083.32,0.005937,180900.0,183600.0,2700.0
pressure_pinned,high_locality,FIFO,GlobalAllocation,301,1,8,182525.0,182800.0,1827.37,0.010012,180000.0,185200.0,5200.0
pressure_pinned,high_locality,FIFO,GlobalAllocation,301,2,8,186312.5,185750.0,2785.39,0.01495,183100.0,190900.0,7800.0
pressure_pinned,high_locality,FIFO,GlobalAllocation,301,3,8,188850.0,188300.0,2127.37,0.011265,185800.0,192500.0,6700.0
pressure_pinned,high_locality,FIFO,GlobalAllocation,361,0,8,224962.5,181600.0,86685.46,0.385333,179300.0,413600.0,234300.0
pressure_pinned,high_locality,FIFO,GlobalAllocation,361,1,8,225650.0,185000.0,75424.61,0.334255,179100.0,359800.0,180700.0
pressure_pinned,high_locality,FIFO,GlobalAllocation,361,2,8,226962.5,186200.0,77580.67,0.341822,182300.0,362900.0,180600.0
pressure_pinned,high_locality,FIFO,GlobalAllocation,361,3,8,233250.0,190350.0,82727.0,0.354671,185600.0,390100.0,204500.0
pressure_pinned,high_locality,FIFO,GlobalAllocation,452,0,8,224937.5,184650.0,77432.66,0.344241,179100.0,352100.0,173000.0
pressure_pinned,high_locality,FIFO,GlobalAllocation,452,1,8,228387.5,187300.0,78747.94,0.3448,182200.0,358000.0,175800.0
pressure_pinned,high_locality,FIFO,GlobalAllocation,452,2,8,235400.0,188200.0,88056.07,0.37407,182400.0,381900.0,199500.0
pressure_pinned,high_locality,FIFO,GlobalAllocation,452,3,8,211850.0,189550.0,62549.52,0.295254,188000.0,366600.0,178600.0
pressure_pinned,high_locality,FIFO,LocalAllocation,105,0,8,197700.0,180750.0,49011.95,0.247911,176300.0,318900.0,142600.0
pressure_pinned,high_locality,FIFO,LocalAllocation,105,1,8,207462.5,184850.0,67648.76,0.326077,179600.0,374800.0,195200.0
pressure_pinned,high_locality,FIFO,LocalAllocation,131,0,8,181312.5,181650.0,2433.36,0.013421,178400.0,184000.0,5600.0
pressure_pinned,high_locality,FIFO,LocalAllocation,131,1,8,183925.0,184000.0,1610.46,0.008756,182000.0,186400.0,4400.0
pressure_pinned,high_locality,FIFO,LocalAllocation,157,0,8,185037.5,181600.0,7359.72,0.039774,178700.0,200300.0,21600.0
pressure_pinned,high_locality,FIFO,LocalAllocation,157,1,8,185000.0,184500.0,2107.81,0.011394,182900.0,188200.0,5300.0
pressure_pinned,high_locality,FIFO,LocalAllocation,196,0,8,181687.5,181100.0,1984.54,0.010923,179900.0,186400.0,6500.0
pressure_pinned,high_locality,FIFO,LocalAllocation,196,1,8,184537.5,184550.0,1595.47,0.008646,182700.0,186600.0,3900.0
pressure_pinned,high_locality,FIFO,LocalAllocation,241,0,8,214587.5,181400.0,69561.72,0.324165,177500.0,371600.0,194100.0
pressure_pinned,high_locality,FIFO,LocalAllocation,241,1,8,202200.0,183750.0,52020.82,0.257274,182200.0,330900.0,148700.0
pressure_pinned,high_locality,FIFO,LocalAllocation,241,2,8,209687.5,186900.0,53253.69,0.253967,183400.0,339600.0,156200.0
pressure_pinned,high_locality,FIFO,LocalAllocation,241,3,8,216137.5,190200.0,52176.7,0.241405,187800.0,328500.0,140700.0
pressure_pinned,high_locality,FIFO,LocalAllocation,301,0,8,180550.0,180300.0,1405.09,0.007782,178800.0,183000.0,4200.0
pressure_pinned,high_locality,FIFO,LocalAllocation,301,1,8,183062.5,183050.0,1372.11,0.007495,181500.0,185500.0,4000.0
pressure_pinned,high_locality,FIFO,LocalAllocation,301,2,8,187137.5,186350.0,4860.32,0.025972,182000.0,196800.0,14800.0
pressure_pinned,high_locality,FIFO,LocalAllocation,301,3,8,189337.5,189300.0,3442.56,0.018182,185900.0,196200.0,10300.0
pressure_pinned,high_locality,FIFO,LocalAllocation,361,0,8,265962.5,264050.0,89039.52,0.334782,178800.0,360800.0,182000.0
pressure_pinned,high_locality,FIFO,LocalAllocation,361,1,8,284387.5,331900.0,82415.68,0.289801,180600.0,357600.0,177000.0
pressure_pinned,high_locality,FIFO,LocalAllocation,361,2,8,289800.0,343000.0,85539.95,0.295169,186400.0,360100.0,173700.0
pressure_pinned,high_locality,FIFO,LocalAllocation,361,3,8,306187.5,331500.0,83428.28,0.272474,186600.0,407900.0,221300.0
pressure_pinned,high_locality,FIFO,LocalAllocation,452,0,8,259525.0,189850.0,107200.46,0.413064,178000.0,444000.0,266000.0
pressure_pinned,high_locality,FIFO,LocalAllocation,452,1,8,235225.0,196900.0,79699.74,0.338823,180000.0,363800.0,183800.0
pressure_pinned,high_locality,FIFO,LocalAllocation,452,2,8,234425.0,189250.0,69974.01,0.298492,184100.0,369900.0,185800.0
pressure_pinned,high_locality,FIFO,LocalAllocation,452,3,8,213300.0,191550.0,62716.14,0.294028,185800.0,368100.0,182300.0
pressure_pinned,high_locality,LRU,GlobalAllocation,105,0,8,299025.0,298850.0,2686.34,0.008984,295700.0,303900.0,8200.0
pressure_pinned,high_locality,LRU,GlobalAllocation,105,1,8,300262.5,300000.0,1775.18,0.005912,298000.0,304000.0,6000.0
pressure_pinned,high_locality,LRU,GlobalAllocation,131,0,8,300825.0,299250.0,4011.32,0.013334,297100.0,308600.0,11500.0
pressure_pinned,high_locality,LRU,GlobalAllocation,131,1,8,333312.5,300700.0,86927.55,0.260799,299200.0,548200.0,249000.0
pressure_pinned,high_locality,LRU,GlobalAllocation,157,0,8,297687.5,297850.0,1983.82,0.006664,294300.0,300500.0,6200.0
pressure_pinned,high_locality,LRU,GlobalAllocation,157,1,8,338675.0,301250.0,108400.76,0.320073,296800.0,606900.0,310100.0
pressure_pinned,high_locality,LRU,GlobalAllocation,196,0,8,341325.0,297400.0,124005.78,0.363307,295400.0,648200.0,352800.0
pressure_pinned,high_locality,LRU,GlobalAllocation,196,1,8,349637.5,301250.0,132383.21,0.37863,298700.0,677000.0,378300.0
pressure_pinned,high_locality,LRU,GlobalAllocation,241,0,8,306887.5,300750.0,12799.6,0.041708,298000.0,335800.0,37800.0
pressure_pinned,high_locality,LRU,GlobalAllocation,241,1,8,306112.5,300250.0,16496.36,0.05389,298800.0,346800.0,48000.0
pressure_pinned,high_locality,LRU,GlobalAllocation,241,2,8,308850.0,304100.0,16806.97,0.054418,297400.0,348900.0,51500.0
pressure_pinned,high_locality,LRU,GlobalAllocation,241,3,8,311200.0,310500.0,5488.95,0.017638,305600.0,322800.0,17200.0
pressure_pinned,high_locality,LRU,GlobalAllocation,301,0,8,308712.5,299600.0,27607.37,0.089427,296200.0,376900.0,80700.0
pressure_pinned,high_locality,LRU,GlobalAllocation,301,1,8,300125.0,301100.0,2965.88,0.009882,294200.0,303800.0,9600.0
pressure_pinned,high_locality,LRU,GlobalAllocation,301,2,8,305537.5,305100.0,4028.8,0.013186,300600.0,312500.0,11900.0
pressure_pinned,high_locality,LRU,GlobalAllocation,301,3,8,309637.5,309050.0,2184.32,0.007054,306900.0,312900.0,6000.0
pressure_pinned,high_locality,LRU,GlobalAllocation,361,0,8,358312.5,300250.0,110807.55,0.309248,296300.0,589200.0,292900.0
pressure_pinned,high_locality,LRU,GlobalAllocation,361,1,8,340537.5,303650.0,105099.67,0.308629,298000.0,600300.0,302300.0
pressure_pinned,high_locality,LRU,GlobalAllocation,361,2,8,389650.0,312050.0,121460.72,0.311717,301200.0,617400.0,316200.0
pressure_pinned,high_locality,LRU,GlobalAllocation,361,3,8,4414100.0,361150.0,11486325.88,2.60219,308200.0,32841100.0,32532900.0
pressure_pinned,high_locality,LRU,GlobalAllocation,452,0,8,311862.5,306800.0,14047.26,0.045043,300000.0,342400.0,42400.0
pressure_pinned,high_locality,LRU,GlobalAllocation,452,1,8,308062.5,307150.0,7974.41,0.025886,299100.0,321800.0,22700.0
pressure_pinned,high_locality,LRU,GlobalAllocation,452,2,8,312737.5,313550.0,10071.02,0.032203,301600.0,331500.0,29900.0
pressure_pinned,high_locality,LRU,GlobalAllocation,452,3,8,313650.0,313250.0,5735.85,0.018287,305400.0,322700.0,17300.0
pressure_pinned,high_locality,LRU,LocalAllocation,105,0,8,308387.5,299700.0,27278.32,0.088455,294700.0,375700.0,81000.0
pressure_pinned,high_locality,LRU,LocalAllocation,105,1,8,302225.0,302050.0,3421.67,0.011322,298200.0,308900.0,10700.0
pressure_pinned,high_locality,LRU,LocalAllocation,131,0,8,299312.5,298350.0,3737.62,0.012487,295000.0,304700.0,9700.0
pressure_pinned,high_locality,LRU,LocalAllocation,131,1,8,308175.0,301750.0,23099.95,0.074957,296800.0,365000.0,68200.0
pressure_pinned,high_locality,LRU,LocalAllocation,157,0,8,298412.5,298700.0,3437.79,0.01152,292700.0,303200.0,10500.0
pressure_pinned,high_locality,LRU,LocalAllocation,157,1,8,298600.0,297950.0,2243.08,0.007512,296800.0,303600.0,6800.0
pressure_pinned,high_locality,LRU,LocalAllocation,196,0,8,345475.0,297850.0,134110.4,0.388191,294400.0,677300.0,382900.0
pressure_pinned,high_locality,LRU,LocalAllocation,196,1,8,373700.0,302250.0,131480.54,0.351834,298100.0,590400.0,292300.0
pressure_pinned,high_locality,LRU,LocalAllocation,241,0,8,369812.5,302900.0,114566.46,0.309796,298700.0,619800.0,321100.0
pressure_pinned,high_locality,LRU,LocalAllocation,241,1,8,349200.0,301450.0,98358.5,0.281668,295700.0,578600.0,282900.0
pressure_pinned,high_locality,LRU,LocalAllocation,241,2,8,412275.0,308400.0,248443.28,0.602615,299500.0,1018900.0,719400.0
pressure_pinned,high_locality,LRU,LocalAllocation,241,3,8,358650.0,323950.0,101826.81,0.283917,303000.0,606500.0,303500.0
pressure_pinned,high_locality,LRU,LocalAllocation,301,0,8,317075.0,301150.0,33786.76,0.106558,296600.0,392500.0,95900.0
pressure_pinned,high_locality,LRU,LocalAllocation,301,1,8,300262.5,300050.0,2827.89,0.009418,295300.0,304400.0,9100.0
pressure_pinned,high_locality,LRU,LocalAllocation,301,2,8,305525.0,304350.0,3640.94,0.011917,301500.0,313000.0,11500.0
pressure_pinned,high_locality,LRU,LocalAllocation,301,3,8,310825.0,309400.0,5481.85,0.017636,304000.0,321900.0,17900.0
pressure_pinned,high_locality,LRU,LocalAllocation,361,0,8,409887.5,357200.0,130754.9,0.319002,296400.0,610400.0,314000.0
pressure_pinned,high_locality,LRU,LocalAllocation,361,1,8,414100.0,353950.0,140016.26,0.338122,297800.0,622600.0,324800.0
pressure_pinned,high_locality,LRU,LocalAllocation,361,2,8,439625.0,361650.0,160292.85,0.364613,300600.0,637600.0,337000.0
pressure_pinned,high_locality,LRU,LocalAllocation,361,3,8,393562.5,352450.0,125058.35,0.31776,303400.0,675300.0,371900.0
pressure_pinned,high_locality,LRU,LocalAllocation,452,0,8,348250.0,303950.0,114328.67,0.328295,293800.0,628800.0,335000.0
pressure_pinned,high_locality,LRU,LocalAllocation,452,1,8,367800.0,303900.0,127116.25,0.345612,296500.0,631100.0,334600.0
pressure_pinned,high_locality,LRU,LocalAllocation,452,2,8,349125.0,307200.0,118016.46,0.338035,303600.0,641100.0,337500.0
pressure_pinned,high_locality,LRU,LocalAllocation,452,3,8,351712.5,309750.0,117852.02,0.335081,307100.0,643300.0,336200.0
pressure_pinned,high_locality,WSClock,GlobalAllocation,105,0,8,333362.5,268550.0,119090.48,0.35724,264200.0,542600.0,278400.0
pressure_pinned,high_locality,WSClock,GlobalAllocation,105,1,8,350375.0,273950.0,145751.55,0.415987,266300.0,597000.0,330700.0
pressure_pinned,high_locality,WSClock,GlobalAllocation,131,0,8,267350.0,265750.0,6843.14,0.025596,262100.0,283500.0,21400.0
pressure_pinned,high_locality,WSClock,GlobalAllocation,131,1,8,272650.0,270850.0,7928.43,0.029079,266300.0,291300.0,25000.0
pressure_pinned,high_locality,WSClock,GlobalAllocation,157,0,8,268225.0,267650.0,4686.38,0.017472,263100.0,277000.0,13900.0
pressure_pinned,high_locality,WSClock,GlobalAllocation,157,1,8,286050.0,270800.0,40974.17,0.143241,266100.0,386500.0,120400.0
pressure_pinned,high_locality,WSClock,GlobalAllocation,196,0,8,538300.0,510600.0,175228.54,0.325522,286000.0,856700.0,570700.0
pressure_pinned,high_locality,WSClock,GlobalAllocation,196,1,8,825787.5,542950.0,935302.94,1.132619,279100.0,3127400.0,2848300.0
pressure_pinned,high_locality,WSClock,GlobalAllocation,241,0,8,309712.5,268800.0,110448.74,0.356617,262200.0,581800.0,319600.0
pressure_pinned,high_locality,WSClock,GlobalAllocation,241,1,8,307362.5,271450.0,105058.89,0.341808,265400.0,567300.0,301900.0
pressure_pinned,high_locality,WSClock,GlobalAllocation,241,2,8,278100.0,278300.0,4711.08,0.01694,269700.0,285400.0,15700.0
pressure_pinned,high_locality,WSClock,GlobalAllocation,241,3,8,295187.5,287750.0,21549.37,0.073002,278200.0,345900.0,67700.0
pressure_pinned,high_locality,WSClock,GlobalAllocation,301,0,8,266537.5,265300.0,3635.51,0.01364,262000.0,272200.0,10200.0
pressure_pinned,high_locality,WSClock,GlobalAllocation,301,1,8,274037.5,272650.0,4207.46,0.015354,270900.0,283900.0,13000.0
pressure_pinned,high_locality,WSClock,GlobalAllocation,301,2,8,283525.0,283250.0,7628.47,0.026906,273600.0,295100.0,21500.0
pressure_pinned,high_locality,WSClock,GlobalAllocation,301,3,8,288950.0,285700.0,7721.58,0.026723,282300.0,304400.0,22100.0
pressure_pinned,high_locality,WSClock,GlobalAllocation,361,0,8,306875.0,271150.0,102072.24,0.332618,262200.0,559100.0,296900.0
pressure_pinned,high_locality,WSClock,GlobalAllocation,361,1,8,305187.5,274150.0,83980.18,0.275176,269900.0,512300.0,242400.0
pressure_pinned,high_locality,WSClock,GlobalAllocation,361,2,8,317387.5,279200.0,103162.42,0.325036,275600.0,572300.0,296700.0
pressure_pinned,high_locality,WSClock,GlobalAllocation,361,3,8,324075.0,288800.0,107391.83,0.33138,275200.0,589500.0,314300.0
pressure_pinned,high_locality,WSClock,GlobalAllocation,452,0,8,333875.0,268100.0,126825.39,0.379859,255300.0,558600.0,303300.0
pressure_pinned,high_locality,WSClock,GlobalAllocation,452,1,8,349100.0,285600.0,127012.61,0.363829,252400.0,575100.0,322700.0
pressure_pinned,high_locality,WSClock,GlobalAllocation,452,2,8,376187.5,301000.0,124855.97,0.331898,273400.0,549300.0,275900.0
pressure_pinned,high_locality,WSClock,GlobalAllocation,452,3,8,392462.5,289000.0,148337.63,0.377966,276800.0,597600.0,320800.0
pressure_pinned,high_locality,WSClock,LocalAllocation,105,0,8,266312.5,264800.0,5146.83,0.019326,261900.0,277600.0,15700.0
pressure_pinned,high_locality,WSClock,LocalAllocation,105,1,8,278387.5,271450.0,19061.66,0.068472,264000.0,323300.0,59300.0
pressure_pinned,high_locality,WSClock,LocalAllocation,131,0,8,313912.5,265900.0,86516.84,0.275608,262200.0,473900.0,211700.0
pressure_pinned,high_locality,WSClock,LocalAllocation,131,1,8,306875.0,271500.0,96388.73,0.314098,264800.0,544800.0,280000.0
pressure_pinned,high_locality,WSClock,LocalAllocation,157,0,8,269625.0,266000.0,8000.13,0.029671,263500.0,284900.0,21400.0
pressure_pinned,high_locality,WSClock,LocalAllocation,157,1,8,275487.5,270900.0,8604.06,0.031232,269900.0,293700.0,23800.0
pressure_pinned,high_locality,WSClock,LocalAllocation,196,0,8,339625.0,274700.0,124715.41,0.367215,266500.0,578500.0,312000.0
pressure_pinned,high_locality,WSClock,LocalAllocation,196,1,8,429012.5,287500.0,243829.29,0.56835,267200.0,950400.0,683200.0
pressure_pinned,high_locality,WSClock,LocalAllocation,241,0,8,263937.5,264950.0,2921.32,0.011068,258900.0,267500.0,8600.0
pressure_pinned,high_locality,WSClock,LocalAllocation,241,1,8,270200.0,270650.0,2982.81,0.011039,264900.0,274200.0,9300.0
pressure_pinned,high_locality,WSClock,LocalAllocation,241,2,8,277500.0,278550.0,3392.01,0.012223,273200.0,283200.0,10000.0
pressure_pinned,high_locality,WSClock,LocalAllocation,241,3,8,282262.5,283050.0,3187.45,0.011292,276000.0,286800.0,10800.0
pressure_pinned,high_locality,WSClock,LocalAllocation,301,0,8,266087.5,265450.0,5167.6,0.019421,258000.0,276800.0,18800.0
pressure_pinned,high_locality,WSClock,LocalAllocation,301,1,8,270075.0,270700.0,3422.93,0.012674,263600.0,274200.0,10600.0
pressure_pinned,high_locality,WSClock,LocalAllocation,301,2,8,276225.0,277600.0,5404.69,0.019566,265100.0,282400.0,17300.0
pressure_pinned,high_locality,WSClock,LocalAllocation,301,3,8,1637937.5,285600.0,3821722.68,2.333253,277800.0,11096200.0,10818400.0
pressure_pinned,high_locality,WSClock,LocalAllocation,361,0,8,267887.5,267150.0,5438.34,0.020301,260700.0,277300.0,16600.0
pressure_pinned,high_locality,WSClock,LocalAllocation,361,1,8,273700.0,272250.0,9076.66,0.033163,257700.0,285100.0,27400.0
pressure_pinned,high_locality,WSClock,LocalAllocation,361,2,8,281012.5,280650.0,4944.68,0.017596,273600.0,289000.0,15400.0
pressure_pinned,high_locality,WSClock,LocalAllocation,361,3,8,288500.0,287150.0,7469.17,0.02589,278400.0,299500.0,21100.0
pressure_pinned,high_locality,WSClock,LocalAllocation,452,0,8,323312.5,271400.0,102816.78,0.318011,263900.0,522500.0,258600.0
pressure_pinned,high_locality,WSClock,LocalAllocation,452,1,8,322012.5,285900.0,91514.75,0.284196,266900.0,535500.0,268600.0
pressure_pinned,high_locality,WSClock,LocalAllocation,452,2,8,313037.5,279500.0,92774.72,0.296369,273600.0,541900.0,268300.0
pressure_pinned,high_locality,WSClock,LocalAllocation,452,3,8,320312.5,285100.0,98637.99,0.307943,277900.0,563900.0,286000.0
trace_quiet,sample_trace,FIFO,GlobalAllocation,4,0,8,2562.5,2350.0,512.52,0.200008,2300.0,3800.0,1500.0
trace_quiet,sample_trace,FIFO,GlobalAllocation,4,1,8,2937.5,2900.0,192.26,0.065451,2700.0,3300.0,600.0
trace_quiet,sample_trace,FIFO,GlobalAllocation,5,0,8,2987.5,2800.0,633.44,0.212031,2400.0,4200.0,1800.0
trace_quiet,sample_trace,FIFO,GlobalAllocation,5,1,8,3112.5,3050.0,279.99,0.089956,2800.0,3600.0,800.0
trace_quiet,sample_trace,FIFO,GlobalAllocation,6,0,8,4887.5,2800.0,5566.08,1.13884,2500.0,18600.0,16100.0
trace_quiet,sample_trace,FIFO,GlobalAllocation,6,1,8,3300.0,2950.0,991.39,0.300422,2700.0,5700.0,3000.0
trace_quiet,sample_trace,FIFO,GlobalAllocation,8,0,8,3112.5,3000.0,624.36,0.200597,2400.0,4200.0,1800.0
trace_quiet,sample_trace,FIFO,GlobalAllocation,8,1,8,3125.0,3100.0,243.49,0.077916,2800.0,3500.0,700.0
trace_quiet,sample_trace,FIFO,LocalAllocation,4,0,8,2425.0,2400.0,128.17,0.052855,2200.0,2600.0,400.0
trace_quiet,sample_trace,FIFO,LocalAllocation,4,1,8,2750.0,2750.0,92.58,0.033666,2600.0,2900.0,300.0
trace_quiet,sample_trace,FIFO,LocalAllocation,5,0,8,2412.5,2300.0,294.9,0.122237,2200.0,3100.0,900.0
trace_quiet,sample_trace,FIFO,LocalAllocation,5,1,8,2700.0,2700.0,75.59,0.027997,2600.0,2800.0,200.0
trace_quiet,sample_trace,FIFO,LocalAllocation,6,0,8,2325.0,2250.0,175.25,0.075378,2200.0,2700.0,500.0
trace_quiet,sample_trace,FIFO,LocalAllocation,6,1,8,2775.0,2700.0,148.8,0.053623,2700.0,3100.0,400.0
trace_quiet,sample_trace,FIFO,LocalAllocation,8,0,8,2387.5,2300.0,241.65,0.101213,2200.0,2900.0,700.0
trace_quiet,sample_trace,FIFO,LocalAllocation,8,1,8,2725.0,2700.0,138.87,0.050963,2600.0,3000.0,400.0
trace_quiet,sample_trace,FIFO,ProportionalAllocation,4,0,8,2900.0,2550.0,858.57,0.296059,2300.0,4900.0,2600.0
trace_quiet,sample_trace,FIFO,ProportionalAllocation,4,1,8,2900.0,2800.0,232.99,0.080342,2700.0,3400.0,700.0
trace_quiet,sample_trace,FIFO,ProportionalAllocation,5,0,8,2725.0,2450.0,690.24,0.253298,2200.0,4200.0,2000.0
trace_quiet,sample_trace,FIFO,ProportionalAllocation,5,1,8,2887.5,2750.0,470.37,0.162899,2500.0,4000.0,1500.0
trace_quiet,sample_trace,FIFO,ProportionalAllocation,6,0,8,2425.0,2350.0,249.28,0.102798,2200.0,3000.0,800.0
trace_quiet,sample_trace,FIFO,ProportionalAllocation,6,1,8,2687.5,2700.0,64.09,0.023846,2600.0,2800.0,200.0
trace_quiet,sample_trace,FIFO,ProportionalAllocation,8,0,8,2450.0,2300.0,333.81,0.136249,2200.0,3200.0,1000.0
trace_quiet,sample_trace,FIFO,ProportionalAllocation,8,1,8,2887.5,2750.0,335.68,0.116252,2600.0,3500.0,900.0
trace_quiet,sample_trace,LRU,GlobalAllocation,4,0,8,3662.5,3350.0,1060.91,0.289669,2800.0,6000.0,3200.0
trace_quiet,sample_trace,LRU,GlobalAllocation,4,1,8,3212.5,3000.0,299.7,0.093293,3000.0,3700.0,700.0
trace_quiet,sample_trace,LRU,GlobalAllocation,5,0,8,3187.5,2900.0,637.94,0.200137,2600.0,4300.0,1700.0
trace_quiet,sample_trace,LRU,GlobalAllocation,5,1,8,3075.0,3000.0,212.13,0.068986,2900.0,3400.0,500.0
trace_quiet,sample_trace,LRU,GlobalAllocation,6,0,8,3075.0,2800.0,638.64,0.207687,2500.0,4400.0,1900.0
trace_quiet,sample_trace,LRU,GlobalAllocation,6,1,8,3262.5,3150.0,453.36,0.138961,2800.0,4200.0,1400.0
trace_quiet,sample_trace,LRU,GlobalAllocation,8,0,8,3112.5,2900.0,653.43,0.209936,2500.0,4500.0,2000.0
trace_quiet,sample_trace,LRU,GlobalAllocation,8,1,8,3225.0,3050.0,416.62,0.129184,2800.0,3900.0,1100.0
trace_quiet,sample_trace,LRU,LocalAllocation,4,0,8,3337.5,2850.0,910.16,0.272707,2600.0,4700.0,2100.0
trace_quiet,sample_trace,LRU,LocalAllocation,4,1,8,3362.5,2950.0,694.75,0.206617,2800.0,4500.0,1700.0
trace_quiet,sample_trace,LRU,LocalAllocation,5,0,8,2537.5,2500.0,130.25,0.051329,2400.0,2800.0,400.0
trace_quiet,sample_trace,LRU,LocalAllocation,5,1,8,2850.0,2700.0,389.14,0.13654,2600.0,3800.0,1200.0
trace_quiet,sample_trace,LRU,LocalAllocation,6,0,8,2487.5,2450.0,180.77,0.072672,2300.0,2900.0,600.0
trace_quiet,sample_trace,LRU,LocalAllocation,6,1,8,2725.0,2700.0,70.71,0.025949,2600.0,2800.0,200.0
trace_quiet,sample_trace,LRU,LocalAllocation,8,0,8,2562.5,2500.0,168.5,0.065757,2400.0,2900.0,500.0
trace_quiet,sample_trace,LRU,LocalAllocation,8,1,8,2737.5,2750.0,118.77,0.043388,2500.0,2900.0,400.0
trace_quiet,sample_trace,LRU,ProportionalAllocation,4,0,8,4400.0,4350.0,200.0,0.045455,4200.0,4700.0,500.0
trace_quiet,sample_trace,LRU,ProportionalAllocation,4,1,8,4950.0,4950.0,92.58,0.018703,4800.0,5100.0,300.0
trace_quiet,sample_trace,LRU,ProportionalAllocation,5,0,8,2650.0,2500.0,437.53,0.165104,2400.0,3700.0,1300.0
trace_quiet,sample_trace,LRU,ProportionalAllocation,5,1,8,2725.0,2700.0,46.29,0.016988,2700.0,2800.0,100.0
trace_quiet,sample_trace,LRU,ProportionalAllocation,6,0,8,2587.5,2550.0,164.21,0.063462,2400.0,2800.0,400.0
trace_quiet,sample_trace,LRU,ProportionalAllocation,6,1,8,2725.0,2700.0,138.87,0.050963,2500.0,2900.0,400.0
trace_quiet,sample_trace,LRU,ProportionalAllocation,8,0,8,3200.0,2650.0,965.11,0.301595,2400.0,4600.0,2200.0
trace_quiet,sample_trace,LRU,ProportionalAllocation,8,1,8,3512.5,2900.0,1037.08,0.295254,2600.0,5000.0,2400.0
trace_quiet,sample_trace,NRU,GlobalAllocation,4,0,8,5237.5,4900.0,757.7,0.144668,4600.0,6700.0,2100.0
trace_quiet,sample_trace,NRU,GlobalAllocation,4,1,8,5437.5,5250.0,495.52,0.091129,4800.0,6100.0,1300.0
trace_quiet,sample_trace,NRU,GlobalAllocation,5,0,8,3312.5,3050.0,791.81,0.239037,2500.0,4900.0,2400.0
trace_quiet,sample_trace,NRU,GlobalAllocation,5,1,8,2950.0,2800.0,261.86,0.088767,2700.0,3400.0,700.0
trace_quiet,sample_trace,NRU,GlobalAllocation,6,0,8,3062.5,2900.0,573.06,0.18712,2500.0,4100.0,1600.0
trace_quiet,sample_trace,NRU,GlobalAllocation,6,1,8,3150.0,2950.0,609.45,0.193476,2800.0,4600.0,1800.0
trace_quiet,sample_trace,NRU,GlobalAllocation,8,0,8,3750.0,3350.0,1356.47,0.361724,2400.0,5900.0,3500.0
trace_quiet,sample_trace,NRU,GlobalAllocation,8,1,8,3725.0,3150.0,1237.22,0.33214,2700.0,6200.0,3500.0
trace_quiet,sample_trace,NRU,LocalAllocation,4,0,8,2500.0,2450.0,169.03,0.067612,2400.0,2900.0,500.0
trace_quiet,sample_trace,NRU,LocalAllocation,4,1,8,2687.5,2600.0,344.08,0.128031,2400.0,3500.0,1100.0
trace_quiet,sample_trace,NRU,LocalAllocation,5,0,8,3825.0,3850.0,433.42,0.113314,3300.0,4600.0,1300.0
trace_quiet,sample_trace,NRU,LocalAllocation,5,1,8,4500.0,4500.0,481.07,0.106904,3700.0,5100.0,1400.0
trace_quiet,sample_trace,NRU,LocalAllocation,6,0,8,2400.0,2400.0,130.93,0.054554,2300.0,2700.0,400.0
trace_quiet,sample_trace,NRU,LocalAllocation,6,1,8,2625.0,2600.0,103.51,0.039432,2500.0,2800.0,300.0
trace_quiet,sample_trace,NRU,LocalAllocation,8,0,8,2412.5,2400.0,180.77,0.074931,2200.0,2800.0,600.0
trace_quiet,sample_trace,NRU,LocalAllocation,8,1,8,2562.5,2550.0,74.4,0.029035,2500.0,2700.0,200.0
trace_quiet,sample_trace,NRU,ProportionalAllocation,4,0,8,2625.0,2300.0,762.98,0.29066,2300.0,4500.0,2200.0
trace_quiet,sample_trace,NRU,ProportionalAllocation,4,1,8,2825.0,2600.0,645.31,0.228429,2500.0,4400.0,1900.0
trace_quiet,sample_trace,NRU,ProportionalAllocation,5,0,8,2400.0,2400.0,261.86,0.109109,2200.0,3000.0,800.0
trace_quiet,sample_trace,NRU,ProportionalAllocation,5,1,8,2725.0,2600.0,446.41,0.163822,2400.0,3800.0,1400.0
trace_quiet,sample_trace,NRU,ProportionalAllocation,6,0,8,2387.5,2350.0,112.6,0.047162,2300.0,2600.0,300.0
trace_quiet,sample_trace,NRU,ProportionalAllocation,6,1,8,2612.5,2600.0,83.45,0.031943,2500.0,2700.0,200.0
trace_quiet,sample_trace,NRU,ProportionalAllocation,8,0,8,2412.5,2400.0,83.45,0.034592,2300.0,2600.0,300.0
trace_quiet,sample_trace,NRU,ProportionalAllocation,8,1,8,2587.5,2600.0,64.09,0.024768,2500.0,2700.0,200.0
trace_quiet,sample_trace,SecondChance,GlobalAllocation,4,0,8,5425.0,5250.0,839.64,0.154773,4500.0,6700.0,2200.0
trace_quiet,sample_trace,SecondChance,GlobalAllocation,4,1,8,5475.0,5450.0,430.12,0.07856,4900.0,6000.0,1100.0
trace_quiet,sample_trace,SecondChance,GlobalAllocation,5,0,8,3275.0,3050.0,846.42,0.258449,2500.0,5000.0,2500.0
trace_quiet,sample_trace,SecondChance,GlobalAllocation,5,1,8,2987.5,2850.0,279.99,0.09372,2700.0,3400.0,700.0
trace_quiet,sample_trace,SecondChance,GlobalAllocation,6,0,8,3000.0,2800.0,573.21,0.191071,2500.0,4200.0,1700.0
trace_quiet,sample_trace,SecondChance,GlobalAllocation,6,1,8,2950.0,2850.0,256.35,0.086898,2700.0,3400.0,700.0
trace_quiet,sample_trace,SecondChance,GlobalAllocation,8,0,8,3237.5,2950.0,750.12,0.231697,2600.0,4500.0,1900.0
trace_quiet,sample_trace,SecondChance,GlobalAllocation,8,1,8,3200.0,2850.0,690.76,0.215861,2800.0,4800.0,2000.0
trace_quiet,sample_trace,SecondChance,LocalAllocation,4,0,8,4412.5,4350.0,348.21,0.078914,3800.0,5000.0,1200.0
trace_quiet,sample_trace,SecondChance,LocalAllocation,4,1,8,4875.0,4900.0,103.51,0.021233,4700.0,5000.0,300.0
trace_quiet,sample_trace,SecondChance,LocalAllocation,5,0,8,3525.0,3400.0,1149.84,0.326197,2400.0,5400.0,3000.0
trace_quiet,sample_trace,SecondChance,LocalAllocation,5,1,8,3562.5,3350.0,989.86,0.277855,2600.0,4900.0,2300.0
trace_quiet,sample_trace,SecondChance,LocalAllocation,6,0,8,2425.0,2350.0,249.28,0.102798,2200.0,3000.0,800.0
trace_quiet,sample_trace,SecondChance,LocalAllocation,6,1,8,2650.0,2600.0,75.59,0.028526,2600.0,2800.0,200.0
trace_quiet,sample_trace,SecondChance,LocalAllocation,8,0,8,2575.0,2400.0,459.04,0.178267,2300.0,3700.0,1400.0
trace_quiet,sample_trace,SecondChance,LocalAllocation,8,1,8,2600.0,2600.0,53.45,0.020559,2500.0,2700.0,200.0
trace_quiet,sample_trace,SecondChance,ProportionalAllocation,4,0,8,2787.5,2400.0,1026.0,0.368072,2300.0,5300.0,3000.0
trace_quiet,sample_trace,SecondChance,ProportionalAllocation,4,1,8,3187.5,2650.0,1165.5,0.365647,2500.0,5800.0,3300.0
trace_quiet,sample_trace,SecondChance,ProportionalAllocation,5,0,8,2412.5,2400.0,180.77,0.074931,2200.0,2800.0,600.0
trace_quiet,sample_trace,SecondChance,ProportionalAllocation,5,1,8,2687.5,2600.0,299.7,0.111517,2500.0,3400.0,900.0
trace_quiet,sample_trace,SecondChance,ProportionalAllocation,6,0,8,2775.0,2450.0,786.95,0.283585,2300.0,4500.0,2200.0
trace_quiet,sample_trace,SecondChance,ProportionalAllocation,6,1,8,2937.5,2600.0,757.7,0.25794,2500.0,4700.0,2200.0
trace_quiet,sample_trace,SecondChance,ProportionalAllocation,8,0,8,2450.0,2400.0,141.42,0.057723,2300.0,2700.0,400.0
trace_quiet,sample_trace,SecondChance,ProportionalAllocation,8,1,8,2725.0,2650.0,328.42,0.12052,2400.0,3500.0,1100.0
trace_quiet,sample_trace,WSClock,GlobalAllocation,4,0,8,4075.0,3000.0,1902.44,0.466857,2500.0,6800.0,4300.0
trace_quiet,sample_trace,WSClock,GlobalAllocation,4,1,8,3975.0,2950.0,1696.85,0.426879,2800.0,6700.0,3900.0
trace_quiet,sample_trace,WSClock,GlobalAllocation,5,0,8,3037.5,2700.0,627.78,0.206676,2600.0,4300.0,1700.0
trace_quiet,sample_trace,WSClock,GlobalAllocation,5,1,8,2950.0,2850.0,256.35,0.086898,2700.0,3400.0,700.0
trace_quiet,sample_trace,WSClock,GlobalAllocation,6,0,8,5337.5,4850.0,1313.6,0.246107,3600.0,7600.0,4000.0
trace_quiet,sample_trace,WSClock,GlobalAllocation,6,1,8,5200.0,5100.0,801.78,0.154189,3900.0,6500.0,2600.0
trace_quiet,sample_trace,WSClock,GlobalAllocation,8,0,8,3025.0,2950.0,611.2,0.202051,2500.0,4300.0,1800.0
trace_quiet,sample_trace,WSClock,GlobalAllocation,8,1,8,3100.0,3000.0,440.78,0.142187,2700.0,4100.0,1400.0
trace_quiet,sample_trace,WSClock,LocalAllocation,4,0,8,3700.0,4000.0,701.02,0.189465,2500.0,4400.0,1900.0
trace_quiet,sample_trace,WSClock,LocalAllocation,4,1,8,4112.5,4600.0,883.88,0.214926,2600.0,4800.0,2200.0
trace_quiet,sample_trace,WSClock,LocalAllocation,5,0,8,2425.0,2400.0,198.21,0.081735,2100.0,2800.0,700.0
trace_quiet,sample_trace,WSClock,LocalAllocation,5,1,8,2625.0,2600.0,128.17,0.048828,2500.0,2900.0,400.0
trace_quiet,sample_trace,WSClock,LocalAllocation,6,0,8,2725.0,2450.0,658.46,0.241637,2300.0,4300.0,2000.0
trace_quiet,sample_trace,WSClock,LocalAllocation,6,1,8,2937.5,2700.0,641.29,0.218311,2500.0,4500.0,2000.0
trace_quiet,sample_trace,WSClock,LocalAllocation,8,0,8,2462.5,2400.0,184.68,0.074997,2300.0,2700.0,400.0
trace_quiet,sample_trace,WSClock,LocalAllocation,8,1,8,2650.0,2600.0,75.59,0.028526,2600.0,2800.0,200.0
trace_quiet,sample_trace,WSClock,ProportionalAllocation,4,0,8,2412.5,2400.0,83.45,0.034592,2300.0,2500.0,200.0
trace_quiet,sample_trace,WSClock,ProportionalAllocation,4,1,8,2662.5,2650.0,118.77,0.04461,2500.0,2900.0,400.0
trace_quiet,sample_trace,WSClock,ProportionalAllocation,5,0,8,2437.5,2400.0,106.07,0.043514,2300.0,2600.0,300.0
trace_quiet,sample_trace,WSClock,ProportionalAllocation,5,1,8,3112.5,2650.0,1220.58,0.392155,2500.0,6100.0,3600.0
trace_quiet,sample_trace,WSClock,ProportionalAllocation,6,0,8,2450.0,2400.0,169.03,0.068992,2300.0,2700.0,400.0
trace_quiet,sample_trace,WSClock,ProportionalAllocation,6,1,8,2650.0,2600.0,192.72,0.072726,2400.0,2900.0,500.0
trace_quiet,sample_trace,WSClock,ProportionalAllocation,8,0,8,2537.5,2400.0,373.93,0.14736,2200.0,3400.0,1200.0
trace_quiet,sample_trace,WSClock,ProportionalAllocation,8,1,8,2612.5,2600.0,135.62,0.051912,2500.0,2900.0,400.0
